/*
SQLyog v10.2 
MySQL - 5.1.68-community : Database - hjgc
*********************************************************************
*/

/*!40101 SET NAMES utf8 */;

/*!40101 SET SQL_MODE=''*/;

/*!40014 SET @OLD_UNIQUE_CHECKS=@@UNIQUE_CHECKS, UNIQUE_CHECKS=0 */;
/*!40014 SET @OLD_FOREIGN_KEY_CHECKS=@@FOREIGN_KEY_CHECKS, FOREIGN_KEY_CHECKS=0 */;
/*!40101 SET @OLD_SQL_MODE=@@SQL_MODE, SQL_MODE='NO_AUTO_VALUE_ON_ZERO' */;
/*!40111 SET @OLD_SQL_NOTES=@@SQL_NOTES, SQL_NOTES=0 */;


/*Table structure for table `hjgc_answer` */

DROP TABLE IF EXISTS `hjgc_answer`;

CREATE TABLE `hjgc_answer` (
  `id` int(11) NOT NULL AUTO_INCREMENT,
  `content` varchar(255) DEFAULT NULL,
  `options` varchar(2) DEFAULT NULL,
  `question_id` int(11) DEFAULT NULL,
  PRIMARY KEY (`id`),
  KEY `FKC428B5BF8DAA7407` (`question_id`),
  CONSTRAINT `FKC428B5BF8DAA7407` FOREIGN KEY (`question_id`) REFERENCES `hjgc_question` (`id`)
) ENGINE=InnoDB AUTO_INCREMENT=117 DEFAULT CHARSET=utf8;

/*Data for the table `hjgc_answer` */

insert  into `hjgc_answer`(`id`,`content`,`options`,`question_id`) values (9,'结果答案3A','A',3),(10,'结果答案3B','B',3),(11,'结果答案3C','C',3),(12,'结果答案3D','D',3),(13,'结果答案4A','A',4),(14,'结果答案4B','B',4),(15,'结果答案4C','C',4),(16,'结果答案4D','D',4),(17,'结果答案5A','A',5),(18,'结果答案5B','B',5),(19,'结果答案5C','C',5),(20,'结果答案5D','D',5),(21,'结果答案6A','A',6),(22,'结果答案6B','B',6),(23,'结果答案6C','C',6),(24,'结果答案6D','D',6),(25,'结果答案7A','A',7),(26,'结果答案7B','B',7),(27,'结果答案7C','C',7),(28,'结果答案7D','D',7),(29,'结果答案8A','A',8),(30,'结果答案8B','B',8),(31,'结果答案8C','C',8),(32,'结果答案8D','D',8),(33,'结果答案9A','A',9),(34,'结果答案9B','B',9),(35,'结果答案9C','C',9),(36,'结果答案9D','D',9),(37,'结果答案10A','A',10),(38,'结果答案10B','B',10),(39,'结果答案10C','C',10),(40,'结果答案10D','D',10),(41,'结果答案11A','A',11),(42,'结果答案11B','B',11),(43,'结果答案11C','C',11),(44,'结果答案11D','D',11),(49,'结果答案13A','A',13),(50,'结果答案13B','B',13),(51,'结果答案13C','C',13),(52,'结果答案13D','D',13),(53,'结果答案14A','A',14),(54,'结果答案14B','B',14),(55,'结果答案14C','C',14),(56,'结果答案14D','D',14),(57,'结果答案15A','A',15),(58,'结果答案15B','B',15),(59,'结果答案15C','C',15),(60,'结果答案15D','D',15),(61,'结果答案16A','A',16),(62,'结果答案16B','B',16),(63,'结果答案16C','C',16),(64,'结果答案16D','D',16),(69,'结果答案18A','A',18),(70,'结果答案18B','B',18),(71,'结果答案18C','C',18),(72,'结果答案18D','D',18),(73,'结果答案19A','A',19),(74,'结果答案19B','B',19),(75,'结果答案19C','C',19),(76,'结果答案19D','D',19),(77,'结果答案20A','A',20),(78,'结果答案20B','B',20),(79,'结果答案20C','C',20),(82,'结果答案21B','B',21),(85,'选项题干','C',21),(86,'你妹的选择题','A',21),(87,'没有智商','A',22),(88,'完全SB','B',22),(89,'完全不懂啥','C',22),(90,'脑袋有泡','D',22),(91,'我爱打酱油','A',24),(92,'我是神经病','B',24),(93,'你是打飞机的','C',24),(94,'我爱学习','A',25),(95,'你是逗比吗','B',25),(96,'有病啊','C',25),(97,'我们是神仙','D',25),(98,'hahah','A',26),(99,'逗比','B',26),(100,'干啥啊','C',26),(101,'逗比聪','A',27),(102,'酱油帝','B',27),(103,'答案一','A',28),(104,'答案二','B',28),(105,'你是SB','C',28),(106,'哦 FUCK','D',28),(107,'fdaffdaf','A',29),(108,'选项题干','B',29),(109,'选项题干','C',29),(110,'选项题干ffdafa','A',30),(111,'选项题干','B',30),(112,'选项题干','C',30),(113,'选项题干','A',31),(114,'选项题干','B',31),(115,'选项题干','C',31),(116,'选项题干','D',31);

/*Table structure for table `hjgc_attachment` */

DROP TABLE IF EXISTS `hjgc_attachment`;

CREATE TABLE `hjgc_attachment` (
  `id` int(11) NOT NULL AUTO_INCREMENT,
  `create_date` datetime DEFAULT NULL,
  `new_name` varchar(64) DEFAULT NULL,
  `old_name` varchar(64) DEFAULT NULL,
  `statu` int(11) DEFAULT NULL,
  `passage_id` int(11) DEFAULT NULL,
  `download_count` int(11) DEFAULT NULL,
  `att_introduce` varchar(255) DEFAULT NULL,
  `channel_id` int(11) DEFAULT NULL,
  PRIMARY KEY (`id`),
  KEY `FKC338E6A4AA2EFD4D` (`passage_id`),
  KEY `FKC338E6A46B56252D` (`channel_id`),
  CONSTRAINT `FKC338E6A46B56252D` FOREIGN KEY (`channel_id`) REFERENCES `hjgc_channel` (`id`),
  CONSTRAINT `FKC338E6A4AA2EFD4D` FOREIGN KEY (`passage_id`) REFERENCES `hjgc_passage` (`id`)
) ENGINE=InnoDB AUTO_INCREMENT=74 DEFAULT CHARSET=utf8;

/*Data for the table `hjgc_attachment` */

insert  into `hjgc_attachment`(`id`,`create_date`,`new_name`,`old_name`,`statu`,`passage_id`,`download_count`,`att_introduce`,`channel_id`) values (32,'2015-08-25 16:30:36','6f18dc54-e9e3-41d9-9c84-6436a88280fd.doc','LOL 符文.doc',1,NULL,0,NULL,NULL),(33,'2015-08-25 16:39:16','42d03b2b-dd14-446f-bb80-5f6f342bfdec.doc','LOL 符文.doc',1,NULL,0,NULL,NULL),(34,'2015-08-25 16:40:11','7584431a-6950-4bbe-a161-ccf534305a5e.doc','LOL 符文.doc',1,NULL,0,NULL,NULL),(35,'2015-08-25 16:41:53','cb05ba99-b8ba-4dd1-9188-9e6a7eb6ba53.doc','LOL 符文.doc',1,NULL,0,NULL,NULL),(36,'2015-08-25 16:42:05','368c6543-724f-4cb0-83ab-02d2a88b747e.doc','12级寝室.doc',1,NULL,0,NULL,NULL),(37,'2015-08-25 16:45:47','3c0ed5e6-6802-4344-adf6-a97a7167a602.doc','12级寝室.doc',1,NULL,0,NULL,NULL),(43,'2015-08-25 16:51:03','1c6b97a1-090a-4f87-91bc-f7e2b2dbc9b7.doc','李豪大气说明书副本.doc',1,NULL,0,NULL,NULL),(44,'2015-08-25 17:38:44','5da721f7-abac-4b01-bd17-019feb8d5420.doc','李豪大气说明书副本.doc',1,NULL,0,NULL,NULL),(45,'2015-08-25 17:40:27','25ec1de7-4c82-4a29-8e97-518787360607.doc','李豪大气说明书副本.doc',1,NULL,0,NULL,NULL),(46,'2015-08-25 17:41:24','d4fb1d22-d469-4353-81c4-e24913cd6d34.doc','李豪大气说明书副本.doc',1,NULL,0,NULL,NULL),(47,'2015-08-25 17:42:17','de75db17-cb69-4035-995c-39bebd8df42e.doc','李豪大气说明书副本.doc',1,NULL,0,NULL,NULL),(48,'2015-08-25 17:48:04','e5ce65a6-6c8f-4987-a12d-1ee25f0a4ca4.doc','李豪大气说明书副本.doc',1,NULL,0,NULL,NULL),(49,'2015-08-25 17:49:54','02a41a4b-ae23-4c9d-b459-204b19c5be89.doc','李豪大气说明书副本.doc',1,NULL,0,NULL,NULL),(50,'2015-08-25 18:03:33','efc94e9c-a2e9-4401-8825-10d4d2108279.doc','BAE 服务器文件目录问题.doc',1,NULL,0,'酱油的服务器问题			',161),(51,'2015-09-14 09:24:27','80fe1397-ea65-4128-9725-165c529ff7e3.doc','BAE 服务器文件目录问题.doc',1,NULL,0,'测试教学资料是否有用			',204),(52,'2015-09-14 10:12:29','7da6fe5d-ffa7-46b1-8a01-514de819943c.doc','BAE 服务器文件目录问题.doc',1,NULL,0,NULL,NULL),(53,'2015-09-14 10:22:14','0dc48540-b41d-459c-866b-86e94b821dee.doc','bae网站收录.doc',1,NULL,0,'污水处理的实验测试附件，添加一下试试			',209),(54,'2015-09-30 09:57:20','f9f52c1e-56f9-424d-bc9f-8ffd97508bc6.doc','附件2：黑龙江科技大学本专科国家助学金申请表.doc',1,NULL,0,NULL,NULL),(55,'2015-09-30 09:58:27','b744fcfa-b1f0-48e9-b619-f6f9b49d4c3c.doc','附件2：黑龙江科技大学本专科国家助学金申请表.doc',1,NULL,0,NULL,NULL),(56,'2015-09-30 09:59:03','c6ce02f5-ac88-46e5-b5ed-651a81f87d1a.doc','附件2：黑龙江科技大学本专科国家助学金申请表.doc',1,NULL,0,NULL,NULL),(57,'2015-09-30 09:59:48','b83e0735-acad-4d1b-8f57-fe80dd4e6845.doc','附件2：黑龙江科技大学本专科国家助学金申请表.doc',1,NULL,0,NULL,NULL),(58,'2015-09-30 10:12:23','7370a0e4-e49e-43fd-bf7d-d8fa6dc2cb00.doc','附件2：黑龙江科技大学本专科国家助学金申请表.doc',1,NULL,0,NULL,NULL),(59,'2015-09-30 10:14:31','ad272b7b-d82e-46c0-bb86-f9cabcf45852.doc','附件2：黑龙江科技大学本专科国家助学金申请表.doc',1,NULL,0,NULL,NULL),(60,'2015-09-30 10:18:44','62f75611-65f0-4266-8520-e3dbd8ffcc8e.doc','附件2：黑龙江科技大学本专科国家助学金申请表.doc',1,NULL,0,NULL,NULL),(61,'2015-09-30 10:20:46','548204a6-6a5c-475a-9456-e3e1192c1ec4.zip','下载必看.zip',1,NULL,0,NULL,NULL),(62,'2015-09-30 10:22:10','6ad8f30c-af87-46a3-bc18-9a2d2893f01f.zip','d3-master.zip',1,NULL,0,NULL,NULL),(63,'2015-09-30 10:28:19','37b2d3df-4c35-4f90-bfb3-02609e40b486.doc','附件2：黑龙江科技大学本专科国家助学金申请表.doc',1,NULL,0,NULL,NULL),(64,'2015-09-30 10:29:40','7f77b44c-c507-4ed1-886e-a12631ef7dcb.doc','附件2：黑龙江科技大学本专科国家助学金申请表.doc',1,NULL,0,NULL,NULL),(65,'2015-09-30 10:34:46','86887740-032c-4075-a7f1-9fe33a603b31.zip','d3-master.zip',1,NULL,0,NULL,NULL),(66,'2015-09-30 10:37:49','8f1d27ca-9169-4ea9-8687-05d1b4282747.doc','附件2：黑龙江科技大学本专科国家助学金申请表.doc',1,NULL,0,NULL,NULL),(67,'2015-09-30 10:46:30','ca19cfb5-757a-4a49-999f-c18e2eaa1efc.zip','d3-master.zip',1,NULL,0,NULL,NULL),(68,'2015-09-30 10:49:37','ed2e1c77-b50f-4118-82c0-fde84ce51521.zip','d3-master.zip',1,NULL,0,NULL,NULL),(69,'2015-09-30 10:51:38','d3d641b3-7aeb-4d22-866f-d3703785504b.zip','d3-master.zip',1,NULL,0,NULL,NULL),(70,'2015-09-30 12:38:50','d2397bf7-1f87-4bd3-a90f-818eadd18cf7.doc','附件2：黑龙江科技大学本专科国家助学金申请表.doc',1,NULL,0,NULL,NULL),(71,'2015-09-30 12:42:08','fefd1cf4-978d-4b84-98e1-c9bc0e23809b.doc','附件2：黑龙江科技大学本专科国家助学金申请表.doc',1,NULL,0,NULL,NULL),(72,'2015-09-30 14:55:50','4858110b-951f-4821-92b3-0dbdbcada6c6.doc','附件2：黑龙江科技大学本专科国家助学金申请表.doc',1,NULL,0,NULL,NULL),(73,'2015-10-07 11:41:52','b6014453-d1f8-48a0-bf89-efd15cd027a3.doc','附件2：黑龙江科技大学本专科国家助学金申请表.doc',1,NULL,0,NULL,NULL);

/*Table structure for table `hjgc_channel` */

DROP TABLE IF EXISTS `hjgc_channel`;

CREATE TABLE `hjgc_channel` (
  `id` int(11) NOT NULL AUTO_INCREMENT,
  `blank` varchar(124) DEFAULT NULL,
  `create_date` datetime DEFAULT NULL,
  `is_parent` int(11) DEFAULT NULL,
  `channel_name` varchar(32) DEFAULT NULL,
  `parent_id` int(11) DEFAULT NULL,
  `statu` int(11) DEFAULT NULL,
  `orders` int(11) NOT NULL,
  `is_one_passage` int(11) DEFAULT NULL,
  `is_login_see` int(11) DEFAULT NULL,
  `passage_count` int(11) DEFAULT NULL,
  `is_index_channel` int(11) DEFAULT NULL,
  `is_can_reply` int(11) DEFAULT NULL,
  `channel_type` int(11) DEFAULT NULL,
  PRIMARY KEY (`id`)
) ENGINE=InnoDB AUTO_INCREMENT=245 DEFAULT CHARSET=utf8;

/*Data for the table `hjgc_channel` */

insert  into `hjgc_channel`(`id`,`blank`,`create_date`,`is_parent`,`channel_name`,`parent_id`,`statu`,`orders`,`is_one_passage`,`is_login_see`,`passage_count`,`is_index_channel`,`is_can_reply`,`channel_type`) values (1,'',NULL,1,'专业概况',0,1,3,1,0,0,1,0,0),(2,'',NULL,1,'课程设置',0,1,5,1,0,0,1,0,0),(3,NULL,'2015-07-29 09:17:21',1,'师资队伍',0,1,2,1,0,0,1,0,0),(4,NULL,'2015-07-29 09:17:21',1,'教育教学',0,1,6,1,0,0,1,0,0),(5,NULL,'2015-07-29 09:17:21',1,'学科建设',0,1,4,1,0,0,1,0,0),(6,NULL,'2015-07-29 09:17:21',1,'师生互动',0,1,9,1,0,0,1,0,0),(7,NULL,'2015-07-29 09:17:21',1,'学生工作',0,1,10,1,0,0,1,0,0),(8,NULL,'2015-07-29 09:17:21',1,'专业书籍',0,1,8,1,0,0,1,0,0),(34,'专业的一些基本内容','2015-07-29 09:17:21',0,'专业介绍',1,1,3,1,0,0,1,0,0),(35,'凡达发放','2015-07-29 09:17:21',0,'专业前景',1,1,2,1,0,1,1,0,0),(36,'专业基本概况啥的','2015-07-29 09:17:21',0,'就业情况',1,1,4,1,0,0,1,0,0),(37,'专业基本概况啥的','2015-07-29 09:17:21',0,'专业发展',1,1,5,1,0,0,1,0,0),(38,'','2015-07-29 09:17:21',0,'水',2,1,4,1,0,0,1,0,0),(39,'','2015-07-29 09:17:21',0,'大气',2,1,3,1,0,0,1,0,0),(40,'固体废物','2015-07-29 09:17:21',0,'固废',2,1,1,1,0,0,1,0,0),(41,NULL,'2015-07-29 09:17:21',0,'教学名师',3,1,2,1,0,0,1,0,0),(42,NULL,'2015-07-29 09:17:21',0,'青年才俊',3,1,1,1,0,0,1,0,0),(43,'','2015-07-29 09:17:21',0,'教师列表',3,1,3,1,0,0,1,0,0),(44,NULL,'2015-07-29 09:17:21',0,'教学目标',4,1,1,1,0,0,1,0,0),(45,NULL,'2015-07-29 09:17:21',0,'人才培养',4,1,3,1,0,0,1,0,0),(46,NULL,'2015-07-29 09:17:21',0,'优秀人才',4,1,2,1,0,0,1,0,0),(47,'',NULL,0,'大气污染',5,0,1,1,0,0,1,0,0),(50,NULL,'2015-07-29 09:17:21',0,'教学考试',6,1,1,1,0,0,1,0,0),(51,'','2015-07-29 09:17:21',0,'课堂资料',6,1,2,1,0,0,1,0,0),(53,NULL,'2015-07-29 09:17:21',0,'历届精英',7,1,2,1,0,0,1,0,0),(54,NULL,'2015-07-29 09:17:21',0,'优秀班级',7,1,3,1,0,0,1,0,0),(55,NULL,'2015-07-29 09:17:21',0,'优秀校友',7,1,1,1,0,0,1,0,0),(56,'',NULL,0,'水污染控制',8,1,1,1,0,0,1,0,4),(57,'',NULL,0,'大气治理',8,1,3,1,0,0,1,0,4),(58,'',NULL,0,'土壤治理',8,1,4,1,0,0,1,0,4),(66,'备注','2015-07-29 09:17:21',1,'专业新闻',0,1,1,1,0,0,1,0,0),(67,'备注',NULL,0,'我爱考试',6,1,4,NULL,0,0,1,0,0),(88,'备注',NULL,0,'人才管理',8,1,2,NULL,0,0,1,0,4),(109,'备注','2015-07-29 09:17:21',0,'废气',2,1,2,NULL,0,0,1,0,0),(110,'备注','2015-08-10 14:36:21',0,'学院发展',1,1,1,NULL,0,0,1,0,0),(111,'备注','2015-08-15 19:56:47',0,'考试加油',6,1,3,NULL,0,0,1,0,0),(112,'备注','2015-08-19 09:50:33',0,'导师制',7,1,4,NULL,0,0,1,0,0),(113,'备注','2015-08-20 10:18:57',0,'实践教学',0,1,7,NULL,0,0,1,0,0),(114,'备注',NULL,0,'生产实习',113,1,1,NULL,0,0,1,0,0),(115,'备注','2015-08-20 11:06:19',0,'认识实习',113,1,2,NULL,0,0,1,0,0),(116,'备注','2015-08-20 11:07:59',0,'毕业实习',113,1,3,NULL,0,0,1,0,0),(117,'备注',NULL,0,'酱油书籍',8,1,5,NULL,0,0,1,0,4),(119,'备注','2015-08-20 16:14:46',0,'测试学科',2,1,5,NULL,0,0,1,0,0),(120,'备注','2015-08-20 16:14:54',0,'测试队伍',3,1,4,NULL,0,0,1,0,0),(121,'备注','2015-08-20 16:15:08',0,'测试教学',4,1,4,NULL,0,0,1,0,0),(122,'备注','2015-08-20 16:15:25',0,'测试师生',6,1,5,NULL,0,0,1,0,0),(123,'备注','2015-08-20 16:15:41',0,'测试学生',7,1,5,NULL,0,0,1,0,0),(124,'备注',NULL,0,'测试书籍',8,1,6,NULL,0,0,1,0,4),(125,'备注','2015-08-20 16:16:02',0,'测试实践',113,1,4,NULL,0,0,1,0,0),(134,'备注','2015-08-21 07:44:03',0,'时间放大',47,1,1,NULL,0,0,0,0,0),(159,'备注','2015-08-21 09:04:35',0,'测试栏目',5,1,7,NULL,0,0,1,0,0),(160,'备注','2015-08-21 09:04:49',0,'课程简介',159,1,1,NULL,0,0,0,0,0),(161,'备注',NULL,0,'教学资料',159,1,2,NULL,0,0,0,0,1),(162,'备注','2015-08-21 09:05:18',0,'教学大纲',159,1,3,NULL,0,0,0,0,0),(163,'备注','2015-08-21 09:05:38',0,'网站链接',159,1,4,NULL,0,0,0,0,0),(164,'备注','2015-08-21 09:05:46',0,'测试',159,1,5,NULL,0,0,0,0,0),(165,'备注','2015-08-21 09:06:34',0,'师生讨论',159,1,6,NULL,0,0,0,0,0),(166,'备注',NULL,0,'实验资料',159,1,7,NULL,0,0,0,0,1),(167,'备注','2015-08-21 10:26:36',0,'讨论区',159,1,8,NULL,0,0,0,0,0),(193,'备注','2015-08-21 10:53:47',0,'大气污染',5,1,9,NULL,0,0,1,0,0),(194,'备注','2015-08-21 10:53:47',0,'课程简介',193,1,1,NULL,0,0,0,0,0),(195,'备注',NULL,0,'教学资料',193,1,2,NULL,0,0,0,0,1),(196,'备注','2015-08-21 10:53:47',0,'教学大纲',193,1,3,NULL,0,0,0,0,0),(197,'备注','2015-08-21 10:53:47',0,'常用网站',193,1,4,NULL,0,0,0,0,0),(198,'备注','2015-08-21 10:53:47',0,'课程测试',193,1,5,NULL,0,0,0,0,0),(199,'备注','2015-08-21 10:53:47',0,'课程讨论',193,1,6,NULL,0,0,0,0,0),(200,'备注',NULL,0,'实验资料 ',193,1,7,NULL,0,0,0,0,1),(201,'备注','2015-08-21 10:55:15',0,'水与泵站',47,1,2,NULL,0,0,0,0,0),(202,'备注','2015-08-21 10:55:29',0,'水与泵站',5,1,10,NULL,0,0,1,0,0),(203,'备注','2015-08-21 10:55:29',0,'课程简介',202,1,1,NULL,0,0,0,0,0),(204,'备注',NULL,0,'教学资料',202,1,2,NULL,0,0,0,0,1),(205,'备注','2015-08-21 10:55:29',0,'教学大纲',202,1,3,NULL,0,0,0,0,0),(206,'备注',NULL,0,'常用网站',202,1,4,NULL,0,0,0,0,3),(207,'备注','2015-08-21 10:55:29',0,'课程测试',202,1,5,NULL,0,0,0,0,0),(208,'备注','2015-08-21 10:55:29',0,'课程讨论',202,1,6,NULL,0,0,0,0,0),(209,'备注',NULL,0,'实验资料 ',202,1,7,NULL,0,0,0,0,1),(210,'备注','2015-08-21 10:55:57',0,'水污染',5,1,7,NULL,0,0,1,0,0),(211,'备注','2015-08-21 10:55:57',0,'课程简介',210,1,1,NULL,0,0,0,0,0),(212,'备注',NULL,0,'教学资料',210,1,2,NULL,0,0,0,0,1),(213,'备注','2015-08-21 10:55:57',0,'教学大纲',210,1,3,NULL,0,0,0,0,0),(214,'备注','2015-08-21 10:55:57',0,'常用网站',210,1,4,NULL,0,0,0,0,0),(215,'备注','2015-08-21 10:55:57',0,'课程测试',210,1,5,NULL,0,0,0,0,0),(216,'备注','2015-08-21 10:55:57',0,'课程讨论',210,1,6,NULL,0,0,0,0,0),(217,'备注','2015-08-21 10:55:57',0,'实验资料 ',210,1,7,NULL,0,0,0,0,0),(219,'备注','2015-08-24 20:31:55',0,'逗比任务',8,1,7,NULL,0,0,1,0,4),(220,'备注','2015-08-24 20:48:47',0,'测试栏目2',5,1,6,NULL,0,0,1,0,0),(221,'备注','2015-08-24 20:48:47',0,'课程简介',220,1,1,NULL,0,0,0,0,0),(222,'备注','2015-08-24 20:48:47',0,'教学资料',220,1,2,NULL,0,0,0,0,1),(223,'备注','2015-08-24 20:48:47',0,'教学大纲',220,1,3,NULL,0,0,0,0,0),(224,'备注','2015-08-24 20:48:47',0,'常用网站',220,1,4,NULL,0,0,0,0,3),(225,'备注','2015-08-24 20:48:47',0,'课程测试',220,1,5,NULL,0,0,0,0,2),(226,'备注','2015-08-24 20:48:47',0,'课程讨论',220,1,6,NULL,0,0,0,0,0),(227,'备注','2015-08-24 20:48:47',0,'实验资料 ',220,1,7,NULL,0,0,0,0,0),(228,'备注','2015-08-24 20:50:07',0,'测试栏目3',5,1,7,NULL,0,0,1,0,0),(229,'备注','2015-08-24 20:50:07',0,'课程简介',228,1,1,NULL,0,0,0,0,0),(230,'备注','2015-08-24 20:50:07',0,'教学资料',228,1,2,NULL,0,0,0,0,1),(231,'备注','2015-08-24 20:50:07',0,'教学大纲',228,1,3,NULL,0,0,0,0,0),(232,'备注','2015-08-24 20:50:07',0,'常用网站',228,1,4,NULL,0,0,0,0,3),(233,'备注','2015-08-24 20:50:07',0,'课程测试',228,1,5,NULL,0,0,0,0,2),(234,'备注','2015-08-24 20:50:07',0,'课程讨论',228,1,6,NULL,0,0,0,0,0),(235,'备注','2015-08-24 20:50:07',0,'实验资料 ',228,1,7,NULL,0,0,0,0,0),(236,'备注','2015-08-24 20:51:31',0,'测试栏目4',5,1,8,NULL,0,0,1,0,0),(237,'备注','2015-08-24 20:51:31',0,'课程简介',236,1,1,NULL,0,0,0,0,0),(238,'备注','2015-08-24 20:51:31',0,'教学资料',236,1,2,NULL,0,0,0,0,1),(239,'备注','2015-08-24 20:51:31',0,'教学大纲',236,1,3,NULL,0,0,0,0,0),(240,'备注','2015-08-24 20:51:31',0,'常用网站',236,1,4,NULL,0,0,0,0,3),(241,'备注','2015-08-24 20:51:31',0,'课程测试',236,1,5,NULL,0,0,0,0,2),(242,'备注','2015-08-24 20:51:31',0,'课程讨论',236,1,6,NULL,0,0,0,0,0),(243,'备注','2015-08-24 20:51:31',0,'实验资料',236,1,7,NULL,0,0,0,0,1),(244,'备注','2015-08-24 20:52:02',0,'测试栏不就',236,1,8,NULL,0,0,0,0,0);

/*Table structure for table `hjgc_exam` */

DROP TABLE IF EXISTS `hjgc_exam`;

CREATE TABLE `hjgc_exam` (
  `id` int(11) NOT NULL AUTO_INCREMENT,
  `create_date` datetime DEFAULT NULL,
  `end_date` datetime DEFAULT NULL,
  `name` varchar(64) DEFAULT NULL,
  `channel_id` int(11) DEFAULT NULL,
  PRIMARY KEY (`id`),
  KEY `FK3605BA606B56252D` (`channel_id`),
  CONSTRAINT `FK3605BA606B56252D` FOREIGN KEY (`channel_id`) REFERENCES `hjgc_channel` (`id`)
) ENGINE=InnoDB AUTO_INCREMENT=43 DEFAULT CHARSET=utf8;

/*Data for the table `hjgc_exam` */

insert  into `hjgc_exam`(`id`,`create_date`,`end_date`,`name`,`channel_id`) values (1,'2015-08-28 09:34:11',NULL,'单元测试',193),(2,'2015-08-28 09:36:07',NULL,'单元测试0',193),(3,'2015-08-28 09:36:07',NULL,'单元测试1',207),(4,'2015-08-28 09:36:07',NULL,'单元测试2',207),(5,'2015-08-28 09:36:08',NULL,'单元测试3',207),(7,'2015-08-28 09:36:08',NULL,'单元测试5',207),(9,'2015-08-28 09:36:08',NULL,'单元测试7',207),(10,'2015-08-28 09:36:08',NULL,'单元测试8',207),(11,'2015-08-28 09:36:08',NULL,'单元测试9',207),(13,'2015-08-28 09:36:08','2015-08-29 00:00:00','单元测试11',159),(16,NULL,'2015-08-29 00:00:00','单元测试14',159),(18,'2015-08-28 09:36:08','2015-08-29 00:00:00','单元测',47),(19,'2015-08-28 09:36:08','2015-08-29 00:00:00','单元测试17',159),(20,'2015-08-28 09:36:08','2015-08-29 00:00:00','单元测试18',193),(31,NULL,NULL,'第三章测试',159),(32,NULL,NULL,'测试',159),(34,NULL,NULL,'测试',202),(36,NULL,NULL,'酱油测试',159),(37,NULL,NULL,'测试名称',159),(38,NULL,NULL,'测试名称',193),(39,NULL,'2015-08-29 00:00:00','测试打得',193),(40,'2015-08-28 20:12:33','2015-08-29 00:00:00','第二章测试',159),(41,'2015-08-28 20:38:10','2015-08-29 00:00:00','第四章测试',193),(42,'2015-09-17 14:18:51','2015-09-18 00:00:00','大气考试',47);

/*Table structure for table `hjgc_exam_class` */

DROP TABLE IF EXISTS `hjgc_exam_class`;

CREATE TABLE `hjgc_exam_class` (
  `id` int(11) NOT NULL AUTO_INCREMENT,
  `exam_id` int(11) DEFAULT NULL,
  `major_class_id` int(11) DEFAULT NULL,
  PRIMARY KEY (`id`),
  KEY `FKA36A7ED91343C514` (`major_class_id`),
  KEY `FKA36A7ED93440EBE7` (`exam_id`),
  CONSTRAINT `FKA36A7ED91343C514` FOREIGN KEY (`major_class_id`) REFERENCES `hjgc_major` (`id`),
  CONSTRAINT `FKA36A7ED93440EBE7` FOREIGN KEY (`exam_id`) REFERENCES `hjgc_exam` (`id`)
) ENGINE=InnoDB AUTO_INCREMENT=76 DEFAULT CHARSET=utf8;

/*Data for the table `hjgc_exam_class` */

insert  into `hjgc_exam_class`(`id`,`exam_id`,`major_class_id`) values (26,20,1),(27,20,2),(28,20,7),(29,20,9),(30,20,11),(46,42,1),(47,42,7),(48,42,9),(49,42,11),(53,34,1),(54,34,2),(55,34,7),(56,34,9),(57,34,11),(58,13,1),(59,13,2),(60,13,7),(61,13,9),(62,13,11),(63,40,1),(64,40,2),(65,40,7),(66,40,9),(67,40,11),(71,41,1),(72,41,2),(73,41,7),(74,41,9),(75,41,11);

/*Table structure for table `hjgc_exam_question` */

DROP TABLE IF EXISTS `hjgc_exam_question`;

CREATE TABLE `hjgc_exam_question` (
  `id` int(11) NOT NULL AUTO_INCREMENT,
  `eaxm_id` int(11) DEFAULT NULL,
  `question_id` int(11) DEFAULT NULL,
  PRIMARY KEY (`id`),
  KEY `FK773D5EE58DAA7407` (`question_id`),
  KEY `FK773D5EE5E459235` (`eaxm_id`),
  CONSTRAINT `FK773D5EE58DAA7407` FOREIGN KEY (`question_id`) REFERENCES `hjgc_question` (`id`),
  CONSTRAINT `FK773D5EE5E459235` FOREIGN KEY (`eaxm_id`) REFERENCES `hjgc_exam` (`id`)
) ENGINE=InnoDB AUTO_INCREMENT=103 DEFAULT CHARSET=utf8;

/*Data for the table `hjgc_exam_question` */

insert  into `hjgc_exam_question`(`id`,`eaxm_id`,`question_id`) values (41,2,5),(42,2,9),(43,2,23),(44,2,24),(45,2,4),(46,2,11),(47,2,8),(48,2,7),(49,2,18),(50,2,21),(61,41,13),(62,41,18),(63,41,19),(64,41,8),(65,41,25),(66,41,14),(67,41,16),(68,41,10),(69,41,6),(70,41,26),(71,40,3),(74,20,10),(75,20,5),(76,20,15),(77,20,26),(78,20,9),(79,20,7),(80,20,8),(81,20,24),(82,20,6),(83,20,16),(84,18,20),(85,18,22),(86,1,19),(87,1,16),(88,1,4),(89,1,18),(90,1,9),(91,1,15),(92,1,6),(93,1,23),(94,1,21),(95,1,14),(96,42,20),(97,42,22),(98,13,27),(99,42,28),(100,34,29),(101,34,30),(102,34,31);

/*Table structure for table `hjgc_exam_user` */

DROP TABLE IF EXISTS `hjgc_exam_user`;

CREATE TABLE `hjgc_exam_user` (
  `id` int(11) NOT NULL AUTO_INCREMENT,
  `exam_result` varchar(255) DEFAULT NULL,
  `score` int(11) NOT NULL,
  `exam_id` int(11) DEFAULT NULL,
  `user_id` int(11) DEFAULT NULL,
  `is_finish` int(11) DEFAULT NULL,
  PRIMARY KEY (`id`),
  KEY `FKD3C1664A3440EBE7` (`exam_id`),
  KEY `FKD3C1664A7A5E3C67` (`user_id`),
  CONSTRAINT `FKD3C1664A3440EBE7` FOREIGN KEY (`exam_id`) REFERENCES `hjgc_exam` (`id`),
  CONSTRAINT `FKD3C1664A7A5E3C67` FOREIGN KEY (`user_id`) REFERENCES `hjgc_user` (`id`)
) ENGINE=InnoDB AUTO_INCREMENT=158 DEFAULT CHARSET=utf8;

/*Data for the table `hjgc_exam_user` */

insert  into `hjgc_exam_user`(`id`,`exam_result`,`score`,`exam_id`,`user_id`,`is_finish`) values (50,'',0,20,5,0),(51,'',0,20,6,0),(52,'',0,20,9,0),(53,'',0,20,10,0),(54,'',0,20,12,0),(55,'',0,20,13,0),(56,'',0,20,14,0),(57,'',0,20,15,0),(58,'',0,20,17,0),(59,'',0,20,18,0),(60,'A,A,B,A,A,A,AB,A,B,A',40,20,19,1),(61,'A,A,A,A,A,A,AB,A,A,A',100,20,7,1),(98,'',0,42,5,0),(99,'',0,42,6,0),(100,'',0,42,9,0),(101,'',0,42,10,0),(102,'',0,42,12,0),(103,'',0,42,13,0),(104,'',0,42,14,0),(105,'',0,42,15,0),(106,'',0,42,17,0),(107,'',0,42,18,0),(108,'',0,42,19,0),(109,'A,B,AB',100,42,7,1),(110,'',0,34,5,0),(111,'',0,34,6,0),(112,'',0,34,9,0),(113,'',0,34,10,0),(114,'',0,34,12,0),(115,'',0,34,13,0),(116,'',0,34,14,0),(117,'',0,34,15,0),(118,'',0,34,17,0),(119,'',0,34,18,0),(120,'',0,34,19,0),(121,'A,A,A',67,34,7,1),(122,'',0,13,5,0),(123,'',0,13,6,0),(124,'',0,13,9,0),(125,'',0,13,10,0),(126,'',0,13,12,0),(127,'',0,13,13,0),(128,'',0,13,14,0),(129,'',0,13,15,0),(130,'',0,13,17,0),(131,'',0,13,18,0),(132,'',0,13,19,0),(133,'A',100,13,7,1),(134,'',0,40,5,0),(135,'',0,40,6,0),(136,'',0,40,9,0),(137,'',0,40,10,0),(138,'',0,40,12,0),(139,'',0,40,13,0),(140,'',0,40,14,0),(141,'',0,40,15,0),(142,'',0,40,17,0),(143,'',0,40,18,0),(144,'',0,40,19,0),(145,'A',100,40,7,1),(146,'',0,41,5,0),(147,'',0,41,6,0),(148,'',0,41,9,0),(149,'',0,41,10,0),(150,'',0,41,12,0),(151,'',0,41,13,0),(152,'',0,41,14,0),(153,'',0,41,15,0),(154,'',0,41,17,0),(155,'',0,41,18,0),(156,'',0,41,19,0),(157,'',0,41,7,0);

/*Table structure for table `hjgc_group` */

DROP TABLE IF EXISTS `hjgc_group`;

CREATE TABLE `hjgc_group` (
  `id` int(11) NOT NULL AUTO_INCREMENT,
  `blank` varchar(125) DEFAULT NULL,
  `create_date` datetime DEFAULT NULL,
  `name` varchar(16) NOT NULL,
  `power` varchar(125) DEFAULT NULL,
  PRIMARY KEY (`id`)
) ENGINE=InnoDB AUTO_INCREMENT=4 DEFAULT CHARSET=utf8;

/*Data for the table `hjgc_group` */

insert  into `hjgc_group`(`id`,`blank`,`create_date`,`name`,`power`) values (2,'xx','2015-07-27 18:55:21','发文部','xx'),(3,'xx','2015-07-27 18:55:21','审核部','xx');

/*Table structure for table `hjgc_image` */

DROP TABLE IF EXISTS `hjgc_image`;

CREATE TABLE `hjgc_image` (
  `id` int(11) NOT NULL AUTO_INCREMENT,
  `blank` varchar(124) DEFAULT NULL,
  `creat_date` datetime DEFAULT NULL,
  `new_name` varchar(124) DEFAULT NULL,
  `old_name` varchar(124) NOT NULL,
  `statu` int(11) DEFAULT NULL,
  `sub_title` varchar(124) DEFAULT NULL,
  `title` varchar(124) NOT NULL,
  `url` varchar(124) DEFAULT NULL,
  PRIMARY KEY (`id`)
) ENGINE=InnoDB AUTO_INCREMENT=96 DEFAULT CHARSET=utf8;

/*Data for the table `hjgc_image` */

insert  into `hjgc_image`(`id`,`blank`,`creat_date`,`new_name`,`old_name`,`statu`,`sub_title`,`title`,`url`) values (28,'填写备注',NULL,'7371cdcf-7843-40b1-bf6d-eb527609648c.png','火狐截图_2015-08-06T02-55-29.876Z.png',1,'填写子标题','填写图片标题','http://yellowcng.com'),(29,'填写备注',NULL,'155036ff-3d7a-4a5c-b7fa-a50ada376cf2.png','火狐截图_2015-08-06T02-55-29.876Z.png',1,'填写子标题','填写图片标题','http://com.yellowcong'),(31,'填写备注',NULL,'8bdbfbd9-301b-4731-b275-66d7b9fd1692.jpg','beauty.jpg',1,'填写子标题','填写图片标题','http://yellowcong.com'),(35,'填写备注','2015-08-08 14:52:41','6497f6fe-dd7e-4425-84fa-fb6e56bfe64a.jpg','beauty.jpg',1,'填写子标题','填写图片标题','http://fdaf.com'),(36,'填写备注','2015-08-08 14:58:45','52212a61-6c64-4d52-8c16-86918ffa506f.png','火狐截图_2015-08-06T02-55-29.876Z.png',1,'黑NB','黑科技第一人','http://com.yellowcong'),(37,'填写备注','2015-08-08 15:02:16','b0212dab-86ae-4fba-abe4-38b2f2c5ef83.png','火狐截图_2015-08-06T02-55-29.876Z.png',1,'填写子标题','填写图片标题','http://wy.com'),(38,'填写备注','2015-08-08 15:03:10','5143f4ad-7db3-4365-8fe2-78c51ac75cac.png','火狐截图_2015-08-06T02-55-29.876Z.png',1,'填写子标题','填写图片标题','http://yellowong.com'),(39,'填写备注','2015-08-08 15:03:51','25b029d3-7a28-437f-8f3d-48018c191a8d.png','火狐截图_2015-08-06T02-55-29.876Z.png',1,'填写子标题','填写图片标题','http://yellowcong.com'),(40,'填写备注','2015-08-08 15:04:50','5d67e8ce-0d20-4015-a82a-e881e45dbd71.jpg','beauty.jpg',1,'填写子标题','填写图片标题','http://hjgc.com'),(41,'填写备注','2015-08-08 15:24:31','a591b263-f210-4bc2-89ac-e8d978a8c0fb.png','火狐截图_2015-08-06T02-55-29.876Z.png',1,'填写子标题','填写图片标题','http://com.yelowcong'),(42,'填写备注','2015-08-08 15:25:00','091a3ddf-e960-447e-b8fa-3fdfe8272a60.jpg','beauty.jpg',1,'填写子标题','填写图片标题','http://fdaf.co/fdaf/'),(43,'填写备注','2015-08-08 15:35:35','1df116af-a2db-40b6-af10-4adddf23a087.jpg','beauty.jpg',1,'填写子标题','填写图片标题','http://yellowcong.com'),(44,'填写备注','2015-08-08 15:36:40','6a466781-bb5a-42f0-9d28-7b7dd876892d.png','火狐截图_2015-08-06T02-55-29.876Z.png',1,'填写子标题','填写图片标题','http://zz.com'),(45,'填写备注','2015-08-08 15:37:42','3b38ad66-6e03-4d2a-bb49-243b94ae84c5.jpg','beauty.jpg',1,'填写子标题','填写图片标题','http://xx.com'),(46,'填写备注','2015-08-08 15:38:35','f7f6149f-00bd-42b2-abd8-4a63304bff29.jpg','beauty.jpg',1,'填写子标题','填写图片标题','http://com.cc'),(47,'填写备注','2015-08-08 15:52:01','5e407f4b-e6b0-4b22-92f6-ef43ab4aeb3a.jpg','beauty.jpg',1,'填写子标题','填写图片标题','http://com.xx'),(48,'填写备注','2015-08-08 16:06:15','4a2b6aa5-530d-470c-8550-1946e784e9a6.jpg','beauty.jpg',1,'填写子标题','填写图片标题','http://dffaasc.c'),(49,'填写备注','2015-08-08 16:10:30','e293ad20-a452-4226-acb7-685d526a54e4.jpg','beauty.jpg',1,'填写子标题','填写图片标题','http://meinv.com'),(50,'填写备注','2015-08-08 16:12:20','e9949641-5621-4c05-97b5-5f0eacb14ebc.png','火狐截图_2015-06-06T09-09-46.586Z.png',1,'填写子标题','填写图片标题','http://lNJINF.XOM'),(51,'填写备注','2015-08-08 16:13:25','d949b62e-339d-44da-a4a6-645bdbedff37.png','火狐截图_2015-07-13T09-53-32.547Z.png',1,'填写子标题','填写图片标题','http://COM.YELLOWC'),(53,'填写备注','2015-08-08 16:19:44','aee2c2e1-5b5c-499d-9191-e6bea996c50f.jpg','beauty.jpg',1,'填写子标题','填写图片标题','http://fda.com'),(54,'填写备注','2015-08-08 16:21:55','ba6caf04-7451-4ac8-b220-a7e4eeb2c875.png','火狐截图_2015-06-06T09-09-46.586Z.png',1,'填写子标题','填写图片标题','http://fdajldfa.com'),(55,'填写备注','2015-08-08 16:27:49','c9f14924-2aa3-4049-a128-4de813617d22.png','火狐截图_2015-06-06T09-09-46.586Z.png',1,'填写子标题','填写图片标题','http://yellowcong.com'),(60,'填写备注','2015-08-08 16:37:22','45baf7df-5e64-4f72-93f8-8ec49ff55306.png','火狐截图_2015-06-06T09-09-46.586Z.png',1,'填写子标题','填写图片标题','http://com.yellowcong'),(62,'填写备注','2015-08-08 16:43:02','aec87a24-a56e-489e-b74b-2a7ab62fede4.png','火狐截图_2015-07-13T09-53-32.547Z.png',1,'填写子标题','填写图片标题','http://com.baidy'),(64,'填写备注','2015-08-08 16:51:26','00febbf9-2156-4c34-b289-e95e2ea89edf.png','火狐截图_2015-07-13T09-53-32.547Z.png',1,'填写子标题','填写图片标题','http://com.yelow'),(65,'填写备注','2015-08-08 16:54:15','6b70705e-949e-44c4-8488-ba577034d124.jpg','beauty.jpg',1,'填写子标题','填写图片标题','http://fd.fd'),(66,'填写备注','2015-08-08 16:57:24','7b3e6142-1500-4a04-b2a7-991e2275c6c6.jpg','beauty.jpg',1,'填写子标题','填写图片标题','http://gf.vf'),(67,'填写备注','2015-08-08 16:58:08','7b3e6142-1500-4a04-b2a7-991e2275c6c6.jpg','beauty.jpg',1,'填写子标题','填写图片标题','http://ff.com'),(68,'填写备注','2015-08-08 17:00:03','375743cb-f07e-47c9-b15a-3944db52667a.jpg','beauty.jpg',1,'填写子标题','填写图片标题','http://com.yell'),(70,'填写备注','2015-08-08 17:02:49','9877127c-7796-4e83-9d5f-8c19dc81ea82.jpg','beauty.jpg',1,'填写子标题','填写图片标题','http://fdsaf.com'),(71,'填写备注','2015-08-08 17:04:49','5777892e-d01f-4dc2-af48-cc2df9a10d61.jpg','beauty.jpg',1,'填写子标题','填写图片标题','http://com.xx'),(72,'填写备注','2015-08-08 17:07:37','76337a13-e294-40e1-90bc-c7f226dafc06.jpg','beauty.jpg',1,'填写子标题','填写图片标题','http://yellowc.cc'),(73,'填写备注','2015-08-08 17:17:00','a9abda0e-815e-4315-8745-e11faed79dec.jpg','beauty.jpg',1,'填写子标题','填写图片标题','http://ds.fdaf'),(75,'填写备注','2015-08-08 17:18:53','0d1d4f7a-119a-4660-876d-138f094e09be.jpg','beauty.jpg',1,'填写子标题','填写图片标题','http://fdsaf.da'),(76,'填写备注','2015-08-08 17:20:47','e9bc60df-42e5-491d-a669-63346e961f70.jpg','beauty.jpg',1,'填写子标题','填写图片标题','http://ff.ff'),(77,'填写备注','2015-08-08 17:25:33','dd4ad72c-ed38-4137-ab21-c9218d7d6c55.jpg','beauty.jpg',1,'填写子标题','填写图片标题','http://fda.cdafd'),(78,'填写备注','2015-08-08 17:26:37','45656e81-7c12-49d7-ac5d-10885ac7e173.png','火狐截图_2015-08-06T02-55-29.876Z.png',1,'填写子标题','填写图片标题','http://fdsa.jfda'),(79,'填写备注','2015-08-08 17:50:14','e934aa7c-db64-49e9-8573-1987c7913603.jpg','beauty.jpg',1,'填写子标题','填写图片标题','http://fdafo.com'),(80,'填写备注','2015-08-08 17:51:39','1505a911-05fc-4411-ba00-09bac147cda1.jpg','beauty.jpg',1,'填写子标题','填写图片标题','http://fd.c'),(81,'填写备注','2015-08-08 17:51:59','167ea0cc-c94f-43a1-9652-240d7741fca5.png','火狐截图_2015-08-06T02-55-29.876Z.png',1,'填写子标题','填写图片标题','http://fdaf.com'),(82,'填写备注','2015-08-08 17:55:55','25b49f8e-0d76-4885-b358-4df248791648.jpg','beauty.jpg',1,'填写子标题','填写图片标题','http://fdas.fdaf'),(83,'填写备注','2015-08-08 17:57:41','fe9f08ba-ae59-43a4-9db1-b1c4b9752a6d.jpg','beauty.jpg',1,'填写子标题','填写图片标题','http://fda.fdaf'),(84,'填写备注','2015-08-08 17:58:11','7f709956-2f2a-4b3a-9ee3-be1d3e50d5aa.png','火狐截图_2015-08-06T02-55-29.876Z.png',1,'填写子标题','填写图片标题','http://fda.com'),(85,'填写备注','2015-08-08 17:59:23','73341a31-3904-4d05-9bd5-f63506eeff3d.jpg','beauty.jpg',1,'填写子标题','填写图片标题','http://fdaf.fdaf'),(86,'填写备注','2015-08-08 18:02:24','fd01949f-c736-4f1b-bb96-566383ba1499.jpg','beauty.jpg',1,'填写子标题','填写图片标题','http://fda.fda'),(87,'填写备注','2015-08-08 18:06:25','e98be082-edf8-44a8-8cb3-14518caeef2d.jpg','beauty.jpg',1,'填写子标题','填写图片标题','http://fdaf.fdafa'),(88,'填写备注','2015-08-08 18:07:34','f17343d7-76bf-4b20-98ed-8a5cba8f87a2.png','火狐截图_2015-08-06T02-55-29.876Z.png',1,'填写子标题','填写图片标题','http://fdaf.fdasf'),(89,'填写备注','2015-08-08 18:07:50','adffe6b3-857f-443b-932f-f131b5ac4347.jpg','beauty.jpg',1,'填写子标题','填写图片标题','http://fdaf.fdaf'),(90,'填写备注','2015-08-08 18:13:08','8e0765d0-50fb-4e35-a697-796a98e1dcf6.png','火狐截图_2015-08-06T02-55-29.876Z.png',1,'填写子标题','填写图片标题','http://fdafaf.fdasf'),(91,'填写备注','2015-08-08 18:14:31','4579b176-6e24-4306-8530-c8e97796504d.jpg','beauty.jpg',1,'填写子标题','填写图片标题','http://ffae.fdasf'),(92,'填写备注','2015-08-08 18:37:41','274dca0e-7bfb-4202-aa35-6e34d15befd5.jpg','beauty.jpg',1,'填写子标题','填写图片标题','http://gdsg.gfgs'),(93,'填写备注','2015-08-08 18:38:48','08a3a1aa-a8c8-442d-bec9-cd67dc365396.jpg','beauty.jpg',1,'填写子标题','填写图片标题','http://meinv.comc'),(94,'填写备注','2015-08-09 11:49:07','ebba8b1a-7c84-4715-b4e6-9b19fc10180b.png','火狐截图_2015-08-06T02-55-29.876Z.png',1,'填写子标题','填写图片标题','http://qinghua.com'),(95,'填写备注','2015-10-07 11:46:38','b324e586-87eb-4372-a649-5d1e4cbe13e4.jpg','莉顿·梅斯特.jpg',1,'填写子标题','填写图片标题','http://yellowcong.com');

/*Table structure for table `hjgc_major` */

DROP TABLE IF EXISTS `hjgc_major`;

CREATE TABLE `hjgc_major` (
  `id` int(11) NOT NULL AUTO_INCREMENT,
  `create_date` datetime DEFAULT NULL,
  `class_name` varchar(32) DEFAULT NULL,
  PRIMARY KEY (`id`)
) ENGINE=InnoDB AUTO_INCREMENT=12 DEFAULT CHARSET=utf8;

/*Data for the table `hjgc_major` */

insert  into `hjgc_major`(`id`,`create_date`,`class_name`) values (1,'2015-07-31 08:24:55','环境12-1'),(2,'2015-07-30 08:24:58','环境12-2'),(7,'2015-07-31 08:47:21','环境12-8'),(9,'2015-08-08 08:10:22','环境12-9'),(11,'2015-09-11 15:27:53','环境14-9');

/*Table structure for table `hjgc_passage` */

DROP TABLE IF EXISTS `hjgc_passage`;

CREATE TABLE `hjgc_passage` (
  `id` int(11) NOT NULL AUTO_INCREMENT,
  `content` text NOT NULL,
  `create_date` varchar(255) DEFAULT NULL,
  `is_recommend` int(11) DEFAULT NULL,
  `is_single` int(11) DEFAULT NULL,
  `see_count` int(11) DEFAULT NULL,
  `title` varchar(124) DEFAULT NULL,
  `channel_id` int(11) DEFAULT NULL,
  `user_id` int(11) DEFAULT NULL,
  `summary` varchar(225) DEFAULT NULL,
  PRIMARY KEY (`id`),
  KEY `FKC43A996D7A5E3C67` (`user_id`),
  KEY `FKC43A996D6B56252D` (`channel_id`),
  CONSTRAINT `FKC43A996D6B56252D` FOREIGN KEY (`channel_id`) REFERENCES `hjgc_channel` (`id`),
  CONSTRAINT `FKC43A996D7A5E3C67` FOREIGN KEY (`user_id`) REFERENCES `hjgc_user` (`id`)
) ENGINE=InnoDB AUTO_INCREMENT=92 DEFAULT CHARSET=utf8;

/*Data for the table `hjgc_passage` */

insert  into `hjgc_passage`(`id`,`content`,`create_date`,`is_recommend`,`is_single`,`see_count`,`title`,`channel_id`,`user_id`,`summary`) values (6,'yellowcong很NB','2015-07-30 19:06:55',0,0,0,'yellowcong工程网',1,5,'没有摘要'),(7,'yellowcong很NB','2015-07-30 19:06:55',1,0,0,'yellowcong的工程网',5,13,'没有摘要'),(24,'<p>你大野是岁B 我饿附近啊发发<br/></p>','2015-08-01 12:26:52',0,0,0,'第一篇文章',34,NULL,'没有摘要'),(25,'<p>短发发放<br/></p>','2015-08-01 12:31:23',0,0,0,'凡达发',34,NULL,'没有摘要'),(26,'<p>费大幅<br/></p>','2015-08-01 12:37:41',0,0,0,'我是你大野',35,NULL,'没有摘要'),(28,'<p>图片有点蛋疼你放大镜发了附近了啊<br/></p><p>图片有点蛋疼你放大镜发了附近了啊<br/></p><p>图片有点蛋疼你放大镜发了附近了啊<br/></p><p>图片有点蛋疼你放大镜发了附近了啊<br/></p><p>图片有点蛋疼你放大镜发了附近了啊<br/></p><p>图片有点蛋疼你放大镜发了附近了啊<br/></p><p><img alt=\"beauty.jpg\" src=\"/hjgc/resources/img/upload/image/20150806/1438839392739099588.jpg\" title=\"1438839392739099588.jpg\"/></p>','2015-08-06 13:36:42',0,0,0,'费大幅',35,NULL,'图片有点蛋疼你放大镜发了附近了啊图片有点蛋疼你放大镜发了附近了啊图片有点蛋疼你放大镜发了附近了啊图片有点蛋疼你放大镜发了附近了啊图片有点蛋疼你放大镜发了附近了啊图片有点蛋疼你放大镜发了附近了啊<imgalt=\"beauty.jpg\"src=\"/h'),(29,'<p>反对法国大使馆发发发发发<br/></p>','2015-08-06 14:18:50',0,0,0,'规范各地广泛的',35,NULL,'反对法国大使馆发发发发发'),(30,'<p>发放近啊克里夫金额啊路口附近啊轮廓更具啊轮廓感觉了可根据啊饿了啃噶饿极了kg<br/></p>','2015-08-06 14:19:05',0,0,0,'凡达发',35,NULL,'发放近啊克里夫金额啊路口附近啊轮廓更具啊轮廓感觉了可根据啊饿了啃噶饿极了kg'),(31,'<p>与ubbungngjhgknhkbjhjlnhjjuihnnnn&nbsp; 那里可能<br/></p>','2015-08-06 14:26:19',0,0,0,'笔记本面板那么难',36,NULL,'与ubbungngjhgknhkbjhjlnhjjuihnnnn&nbsp;那里可能'),(32,'<p>凡达发发电<img alt=\"beauty.jpg\" src=\"/hjgc/resources/img/upload/image/20150806/1438851954042085879.jpg\" title=\"1438851954042085879.jpg\"/></p>','2015-08-06 17:05:57',0,0,0,'文章图片测试',36,NULL,'凡达发发电'),(33,'<p>发达fag飞啊发文afwa<br/></p>','2015-08-06 17:31:38',0,0,0,'凡达发凡达发凡达发凡达发凡达发凡达发',37,NULL,'发达fag飞啊发文afwa'),(34,'<p>图片测试，修改图片，不同的图片大小尺寸</p><p><img style=\"width: 588px; height: 385px;\" alt=\"beauty.jpg\" src=\"/hjgc/resources/img/upload/image/20150806/1438853851964049617.jpg\" title=\"1438853851964049617.jpg\" width=\"588\" height=\"385\"/></p><p><img style=\"width: 833px; height: 385px;\" alt=\"beauty.jpg\" src=\"http://localhost/hjgc/resources/img/upload/image/20150806/1438853851964049617.jpg\" title=\"1438853851964049617.jpg\" width=\"833\" height=\"385\"/></p><p><br/></p><p><br/></p>','2015-08-06 17:38:16',0,0,0,'鬼斧神工',34,NULL,'图片测试，修改图片，不同的图片大小尺寸'),(35,'<p>fdafda<br/>graetaettetterteggtes</p><p><img alt=\"beauty.jpg\" src=\"/hjgc/resources/img/upload/image/20150806/1438854044502065764.jpg\" title=\"1438854044502065764.jpg\" width=\"602\" height=\"338\"/></p>','2015-08-06 17:41:12',0,0,0,'fdafadaffa',34,NULL,'fdafdagraetaettetterteggtes'),(36,'<p>tertetgertgestgesgt<br/></p>','2015-08-06 18:51:47',0,0,5,'gfsgresrgtsegtesygresgee',66,NULL,'tertetgertgestgesgt'),(37,'<p>黄聪の环境官网黄聪の环境官网黄聪の环境官网</p><p>费大幅</p><p><br/></p><p><img alt=\"beauty.jpg\" src=\"/hjgc/resources/img/upload/image/20150807/1438936467341045234.jpg\" title=\"1438936467341045234.jpg\"/></p>','2015-08-07 16:34:30',0,0,0,'黄聪の环境官网',35,NULL,'黄聪の环境官网黄聪の环境官网黄聪の环境官网费大幅'),(38,'<p>解决文章添加不刷新问题解决文章添加不刷新问题解决文章添加不刷新问题解决文章添加不刷新问题</p>','2015-08-07 16:43:10',0,0,3,'解决文章添加不刷新问题',66,NULL,'解决文章添加不刷新问题解决文章添加不刷新问题解决文章添加不刷新问题解决文章添加不刷新问题'),(39,'<p>费大幅费大幅<br/></p>','2015-08-10 13:56:55',0,0,0,'费大幅',51,7,'费大幅费大幅'),(40,'<p>凡达嘎嘎的噶多个<br/></p>','2015-08-10 13:59:31',0,0,0,'供热公司',35,7,'凡达嘎嘎的噶多个'),(41,'<p>热情为日<br/></p>','2015-08-10 14:03:15',0,0,0,'热情为v',36,7,'热情为日'),(42,'<p>热钱日热钱日<br/></p>','2015-08-10 14:03:33',0,0,0,'热钱日',37,7,'热钱日热钱日'),(43,'<p>费大幅费大幅放大风<br/></p>','2015-08-10 14:06:29',0,0,0,'发达省份',35,7,'费大幅费大幅放大风'),(44,'<p>费大幅发电<br/></p>','2015-08-10 14:08:30',0,0,0,'反对撒法',34,7,'费大幅发电'),(45,'发达省份发电','2015-08-10 14:10:13',0,0,0,'放大',34,7,'发达省份发电'),(46,'发达省份费大幅风阿凡达发大水','2015-08-10 14:10:24',0,0,0,'大法师费大幅啊',36,7,'发达省份费大幅风阿凡达发大水'),(47,'费大幅幅度达','2015-08-10 14:11:06',0,0,0,'发达省份费大幅发地方发啊',34,7,'费大幅幅度达'),(48,'就业坑爹放大森林发夹阿里杜绝浪费大家来对付家乐福将阿里放大就业坑爹放大森林发夹阿里杜绝浪费大家来对付家乐福将阿里放大就业坑爹放大森林发夹阿里杜绝浪费大家来对付家乐福将阿里放大就业坑爹放大森林发夹阿里杜绝浪费大家来对付家乐福将阿里放大就业坑爹放大森林发夹阿里杜绝浪费大家来对付家乐福将阿里放大就业坑爹放大森林发夹阿里杜绝浪费大家来对付家乐福将阿里放大就业坑爹放大森林发夹阿里杜绝浪费大家来对付家乐福将阿里放大就业坑爹放大森林发夹阿里杜绝浪费大家来对付家乐福将阿里放大就业坑爹放大森林发夹阿里杜绝浪费大家来对付家乐福将阿里放大就业坑爹放大森林发夹阿里杜绝浪费大家来对付家乐福将阿里放大就业坑爹放大森林发夹阿里杜绝浪费大家来对付家乐福将阿里放大就业坑爹放大森林发夹阿里杜绝浪费大家来对付家乐福将阿里放大就业坑爹放大森林发夹阿里杜绝浪费大家来对付家乐福将阿里放大就业坑爹放大森林发夹阿里杜绝浪费大家来对付家乐福将阿里放大就业坑爹放大森林发夹阿里杜绝浪费大家来对付家乐福将阿里放大就业坑爹放大森林发夹阿里杜绝浪费大家来对付家乐福将阿里放大就业坑爹放大森林发夹阿里杜绝浪费大家来对付家乐福将阿里放大就业坑爹放大森林发夹阿里杜绝浪费大家来对付家乐福将阿里放大就业坑爹放大森林发夹阿里杜绝浪费大家来对付家乐福将阿里放大就业坑爹放大森林发夹阿里杜绝浪费大家来对付家乐福将阿里放大就业坑爹放大森林发夹阿里杜绝浪费大家来对付家乐福将阿里放大就业坑爹放大森林发夹阿里杜绝浪费大家来对付家乐福将阿里放大就业坑爹放大森林发夹阿里杜绝浪费大家来对付家乐福将阿里放大就业坑爹放大森林发夹阿里杜绝浪费大家来对付家乐福将阿里放大就业坑爹放大森林发夹阿里杜绝浪费大家来对付家乐福将阿里放大就业坑爹放大森林发夹阿里杜绝浪费大家来对付家乐福将阿里放大就业坑爹放大森林发夹阿里杜绝浪费大家来对付家乐福将阿里放大就业坑爹放大森林发夹阿里杜绝浪费大家来对付家乐福将阿里放大就业坑爹放大森林发夹阿里杜绝浪费大家来对付家乐福将阿里放大就业坑爹放大森林发夹阿里杜绝浪费大家来对付家乐福将阿里放大就业坑爹放大森林发夹阿里杜绝浪费大家来对付家乐福将阿里放大','2015-08-10 15:18:06',0,0,0,'就业坑爹放大森林发夹阿里杜绝浪费大家来对付家乐福将阿里放大',36,7,'就业坑爹放大森林发夹阿里杜绝浪费大家来对付家乐福将阿里放大就业坑爹放大森林发夹阿里杜绝浪费大家来对付家乐福将阿里放大就业坑爹放大森林发夹阿里杜绝浪费大家来对付家乐福将阿里放大就业坑爹放大森林发夹阿里杜绝浪费大家来对付家乐福将阿里放大就业坑爹放大森林发夹阿里杜绝浪费大家来对付家乐福'),(49,'我此奥我此奥我此奥我此奥我此奥我此奥我此奥我此奥我此奥我此奥我此奥我此奥我此奥我此奥我此奥我此奥我此奥我此奥我此奥我此奥我此奥我此奥我此奥我此奥我此奥我此奥我此奥我此奥我此奥我此奥我此奥我此奥我此奥我此奥我此奥我此奥我此奥我此奥我此奥我此奥我此奥','2015-08-10 16:56:11',0,0,0,'逗比专业',35,7,'我此奥我此奥我此奥我此奥我此奥我此奥我此奥我此奥我此奥我此奥我此奥我此奥我此奥我此奥我此奥我此奥我此奥我此奥我此奥我此奥我此奥我此奥我此奥我此奥我此奥我此奥我此奥我此奥我此奥我此奥我此奥我此奥我此奥我此奥我此奥我此奥我此奥我此奥我此奥我此奥我此奥'),(50,'专业很牛逼，我还有少好说的呢发达到费大幅阿凡达分发发发生的','2015-08-10 16:56:35',1,0,0,'专业很牛逼',35,7,'专业很牛逼，我还有少好说的呢发达到费大幅阿凡达分发发发生的'),(51,'这个专业情景中测试了放大发电这么 多的数据，放大蛋疼啊','2015-08-10 16:57:21',0,0,0,'我觉得还不错',35,7,'这个专业情景中测试了放大发电这么多的数据，放大蛋疼啊'),(52,'专业很 牛逼专业很 牛逼专业很 牛逼专业很 牛逼专业很 牛逼专业很 牛逼专业很 牛逼','2015-08-10 17:11:09',0,0,0,'反射法放大',34,NULL,'专业很牛逼专业很牛逼专业很牛逼专业很牛逼专业很牛逼专业很牛逼专业很牛逼'),(53,'我奥我们的垃圾分类大家flak假发发大水d我奥我们的垃圾分类大家flak假发发大水d我奥我们的垃圾分类大家flak假发发大水d我奥我们的垃圾分类大家flak假发发大水d我奥我们的垃圾分类大家flak假发发大水d','2015-08-10 17:11:25',0,0,0,'在牛逼有毛用',34,NULL,'我奥我们的垃圾分类大家flak假发发大水d我奥我们的垃圾分类大家flak假发发大水d我奥我们的垃圾分类大家flak假发发大水d我奥我们的垃圾分类大家flak假发发大水d我奥我们的垃圾分类大家flak假发发大水d'),(55,'7月25日，2015年第十一届“博创杯”全国大学生嵌入式物联网大赛总决赛在北京工业大学隆重举行。本次竞赛由国家教育部高校计算机类专业教学指\n导委员会、中国电子学会主办，中国电子学会嵌入式系统与机器人分会、北京工业大学承办，北航虚拟现实技术国家重点实验室、北京博创智联科技有限公司协办，\n是国内嵌入式——物联网领域颇具规模的顶级赛事。我校由计算机与信息工程学院（软件学院）物联网工程专业学生组成的参赛队伍在黑龙江省赛区以特等奖的成绩\n进入了全国总决赛，在总决赛中我校参赛队伍设计的“基于物联网的立体车库系统”得到了与会评委的一致好评，最终荣获了国家一等奖。本次比赛，共有来自北京航天航空大学、北京理工大学、北京科技大学、北京工业大学、北京林业大学、大连理工大学、哈尔滨工业大学、哈尔滨工程大学、\n黑龙江科技大学、黑龙江大学、东北农业大学等200余所国内高校的近600支队伍参加了全国十二个赛区的预赛，最终有96支队伍进入北京总决赛。我校由计\n算机学院物联网系主任冯福生老师带队，物联网工程专业的马原野、纪为强、刘佳伊3名学生组成的参赛队伍第二次参加该项赛事。经过与国内高校各支参赛队伍优\n秀学生进行的1天的激烈角逐，以作品创意新颖、市场潜在价值高、立项车库模型形象逼真等特点得到评委的高度肯定，最终获得了国家一等奖的优异成绩。3名参\n赛学生被录入中国电子学会嵌入式系统专家委员会人才库，并推荐给知名企业实习就业，同时获得中国电子学会嵌入式助理工程师证书。“博创杯”全国大学生嵌入式物联网设计大赛已经成功举办了十届，得到了国家教育部、中国电子学会、中国自动化学会、中国电子学会嵌入式系统专家委员\n会、北京航天航空大学以及中国科学院、中国工程院等有关领导和著名专家的关怀与支持，至今已有3000余支队伍超过万名学生参赛。','2015-08-15 08:23:14',0,0,1,'我校学生在第十一届“博创杯”全国大学生嵌入式物联网大赛中喜获佳绩',66,7,'7月25日，2015年第十一届“博创杯”全国大学生嵌入式物联网大赛总决赛在北京工业大学隆重举行。本次竞赛由国家教育部高校计算机类专业教学指导委员会、中国电子学会主办，中国电子学会嵌入式系统与机器人分会、北京工业大学承办，北航虚拟现实技术国家重点实验室、北京博创智联科技有限公司协'),(56,'　环评是指对规划和建设项目实施后可能造成的环境影响进行分析、预测和评估，提出预防或者减轻不良环境影响的对策和措施，以及进行跟踪监测的方法与制度。　　不仅大型化工项目，就连普通公众身边的餐馆、门口施工的地铁建设工程都需要进行环评。　　环境影响评价（以下简称环评）之于环境，正如同肌肤之于人体，是抵御污染“毒瘤”的第一道防线。　　而在云南生态脆弱的怒江上游贡山县，一个年产6万吨高氯酸钾的项目，却有着脆弱的“肌肤”。项目被质疑由无环评资质的机构承担了环评工作。　　“县乡两级15位人大代表提案反对项目建设，大量村民通过村委会等渠道表达了反对声音。”云南贡山一位乡级人大代表对南方周末记者表示。原定于2015年8月开工的项目，目前已被迫延期。　　这是被广州绿网环境保护服务中心（以下简称广州绿网）盯上的环评项目。最近，这家致力于环评调查的NGO频频发力，炮轰诸多知名机构涉嫌非法出借环评资质。　　“没有环评资质的公司，非法借用有资质单位的资质，实际开展环评工作，业内人士一般把这样的情况叫做资质挂靠。”一家乙级资质环评机构的负责人\n刘跃解释，“环评是你发的，报告书却是他写的。一份数百页的环评报告书，除了附在最前面、加盖公章的资质扫描件由名义上的环评单位提供，其余的均由无资质\n公司完成。”　　贡山项目只是冰山一角。近日，广州绿网和南方周末记者对环评机构数量最多的全国10个省份进行调查，共计600家环评机构，有137家涉嫌资质挂靠或被盗用，比例高达23%。　　“不少环评机构，就依靠着贩卖前面加盖公章的资质复印页赚钱，使用一次的价钱从几千到上万元不等。”刘跃说，“这早已是行业内公开的秘密。”　　1　　“买资质跟买白菜一样”　　贡山项目只是广州绿网和南方周末记者此次全国调查中的一例。　　广州绿网的工作人员通过网络检索发现，《贡山县迪麻洛年产6万吨高氯酸钾建设项目环境影响评价公众参与第二次公示》中，所写环评单位为河南蓝森环保科技有限公司，联系方式却为云南昆明的固定电话号码。　　在进一步的检索中，广州绿网发现该联系人、联系电话、联系地址，均指向昆明翊佐环境科技有限公司。而该公司在上述贡山项目环评公示时，并无相应环评资质。不仅如此，同样的联系电话、联系地址和联系人，变换着多家拥有环评资质单位的名义，开展环评项目。　　广州绿网怀疑，项目环评单位涉嫌资质挂靠。“根据检索的结果，使用同样联系方式的昆明公司，挂靠了多家环评机构资质开展业务。”广州绿网负责人向春解释。　　广州绿网和南方周末记者用上述方法，检索了四川、江苏、河南、黑龙江、广西、广东、山东、浙江、北京、河北等10个省份全部环评机构的项目，发\n现有23%的环评机构涉嫌资质挂靠或被盗用。其中，北京市最为严重，共85家环评机构中32家涉嫌资质挂靠或被盗用，达37.6%。江苏省次之，为\n32%。这些资质多被借给宁夏、云南等偏远省份。　　其中不乏部属环评单位。广州绿网发现环保部华南环境科学研究所、中环联（北京）环境保护有限公司两家部属环评单位，涉嫌将资质分别出借给福建、贵州的公司使用。广州绿网于2015年8月10日将上述情况向环保部进行了举报。　　实际上，环保部早已对环评机构的违法行为采取了严厉措施。仅2015年上半年，环保部对存在各类问题的63家建设项目环评机构做出了取消资质、缩减评价范围等相应处理。对现有环评机构资质条件进行清理，30家机构被取消或注销资质。　　然而，尽管受访的业内人士均认可挂靠现象具有普遍性，但却表示很难找到确凿的证据证明环评报告完全由无资质的环评机构负责编写，并违法使用了资质单位的环评资质。　　“通过公示的环评机构联系方式检索挂靠，其中虽不能排除误判和遗漏的可能性，不过却是目前非官方力量唯一可能的调查环评机构资质挂靠的方法了。”向春表示。　　为了验证结果，南方周末记者致电上述检索中涉嫌挂靠的8家环评机构，其中有5家表示可以挂靠合作。“我们甲级单位平台高，找我们合作的人也比较多，如果想合作的话都没有问题。”北京一家拥有资质的环评机构的经理答复。　　另有两家因其他原因无法合作。其中一位山东的环评机构经理给南方周末记者“支招”，建议采用“分公司”的形式进行挂靠合作。只有一家公司明确拒绝，其接电话的工作人员称：“我们是国有单位，你们这么做是违法的。”　　与此同时，南方周末记者采访了11位环评业内人士，包括环评机构负责人和一线环评师、借用资质的无资质公司负责人，以及负责组织专家评审会的官员。　　张磊是一家无资质公司老板。在他的微信群里，还有专门寻找“资质合作”的“业务员”。“经常有人在群里推销资质，甚至还有业务员登门推销，买一个资质就跟买白菜一样简单。”张磊表示，环评机构资质买卖已经形成了“地下市场”。　　张磊亦靠租借来的资质去做环评项目，最多时曾挂靠了二十余家。南方周末记者看到，目前张磊办公室的资料柜中存放的环评报告书，分别使用了6家不同的环评机构资质。　　2　　挂靠交织网　　“交叉挂靠或许是环评机构资质挂靠的一大显著特征。没资质的向多家有资质的单位借资质，有资质的将资质出借给多家公司。”向春对南方周末记者说。　　广州绿网的办公室，一块白板上用线条连接起一边是出借资质的单位表，一边是借用资质的单位表。密密麻麻的线条交织在一起，形成一个挂靠交织网。　　检索结果证实了向春判断。涉嫌资质挂靠的137家环评机构，或将资质出借给274家不同的公司。　　由于每家环评机构资质只能开展特定类别的环评，因而不同资质类别的环评单位也会“互通有无”。检索中发现，泉州市天龙环境工程有限公司既涉嫌将资质出借给泉州科蓝环保设计咨询有限公司，又涉嫌借用福建闽科环保技术开发有限公司的资质。该公司资质目前已被环保部取消。　　“有的甚至把租借来的资质，再转租给其他人，成为二道贩子。”刘跃表示。　　挂靠的另一个特征是，相较之环科院所和高等院校，私企的挂靠问题更多。在检索出的137家涉嫌资质挂靠的单位中，私企共91家，约为总数的三分之二。　　另外，北京的挂靠情况最为严重，这一情况也在多位业内人士的预料之中。“一方面，北京环评单位的资质种类比较齐全，挂靠可以一步到位；另一方\n面，北京本地环评项目很少，环评机构却很多，于是大量单位向外出借资质。”一名环评业内人士对南方周末记者表示，“北京资质出借的情况泛滥，已成为行业共\n识。”　　不仅如此，很多在外地挂靠资质的环评单位，都改头换面以“分公司”“办事处”的名义开展工作，正如上文山东环评公司经理“支招”的那样，用以规避风险。　　于是，很多借用资质的公司，名义上成为了拥有资质公司的“分公司”，并在当地环保部门备案登记。在检索调查中，一些环评公司分支机构的数量，超过甚至数倍于其环评工程师的人数。　　例如江苏绿源工程设计研究有限公司，拥有环评师21人，而其分支机构经统计则多达23个。河南蓝森环保科技有限公司有环评师28个，分支机构则为29个。而更夸张的是浙江商达环保有限公司，有22个分支机构，环评师却仅为7人。　　“就按照每个分支机构只拥有一名环评师做环评来计算，也有分支机构连一个环评师都没有。那么报告由谁来撰写？”张磊质疑。　　3　　滋生土壤　　“虽然理论上这种情况（指分支机构多、环评师少的现象）是讲不通的，但实际上并不违法。除非可以确定建设单位直接与无资质环评机构签订了环评委托合同，无资质环评企业负责包办环评各项事宜。”广东某地评估中心一名负责组织环评报告专家评审会的官员对南方周末记者说。　　“按照要求，环评机构只需在相应地方备案，便可从事环评工作。并没有法律规定公示联络的人员不得是其他公司的人员，或者拥有环评师资质。因而这也是制度上的缺陷，不少环评机构正是钻了这样的空子。”一位从业十年的环评人士说。　　环保部在对环评机构处理通报上，使用更多的是“借用外单位人员违规开展业务”的表述。根据环保部网站公开的信息，仅有2013年10月25日的通报中定性为“环评机构出借资质”。　　代替“挂靠”的表述，还有“盗用”。即无资质的单位未经许可，私自使用了环评机构的资质，从事环评工作，与有资质的环评机构无关。二者的区别在\n于有资质的单位是否知情。 \n南方周末报道的宁夏瑞博资质挂靠案件（详见2015年3月26日《环评资质倒卖经——第一道污染防线上的“空手道”》）中，宁夏瑞博被认定为盗用资质，而\n另外几家涉嫌出借资质的环评机构则相安无事。　　“说白了，就是资质单位、管理部门、掮客相互勾结的结果，一旦出了问题，由掮客一人承担，最后大家都没责任了。”广州一位环评从业人员对此表示，这样资质挂靠的情况，伴随着环评制度的发展，一直存在。　　随着2008年《建设项目环境影响评价分类管理名录》的调整扩大和经济刺激政策的出台，需要环评的项目逐渐增多，想吃蛋糕的人也在成倍增加。于是，大批挂靠企业产生。　　“另外，一些曾经的环评机构员工，也看准了市场机会，跳槽出来自己当老板，找一家单位挂靠资质开展环评业务。”张磊说。他本人也是这样成为公司老板的。　　大量挂靠使得环评市场价格逐渐被压缩。“他们不需要有资质的人员、不需要专业设备、不需要前往现场，于是成本便可以被极度压缩。其市场报价，甚至比有资质单位严格按照规范操作环评的成本价还要低。”　　有资质的环评机构迫于生存压力，不得不将资质出借，通过挂靠费增加收入。资质出借给更多的单位，环评价格进一步被压缩。环评机构资质挂靠愈演愈烈。　　这样的恶性循环最终影响了整个环评行业的健康发展。一些受访的老环评从业人员表示，在环评行业继续工作,收入已经无法满足其需求，有环评人正在从环境污染源头控制的环评工作，转向位于末端治理的环境工程。“做环境工程，一单的收入能顶做环评一年。”张磊说。　　4　　节节失守　　一份环评报告的出台需要经过项目建设方、环评单位、专家评审、公众参与、政府审批等数个环节。这些环节何以节节失守，致使挂靠行为肆意横行？　　“这几个方面本应是监督与制约的关系。然而实际上，这几方处于共同的利益链上，是利益均沾而非监督与制约。”一名乙级资质环评机构负责人表示，“建设单位并不关心环评单位是否为挂靠，在乎的只是花费最少的钱，把手续办齐，拿到批文顺利开工。”　　于是，挂靠单位可以顺利接项目挣钱，建设单位花费较少的成本使得原本通不过环评的项目通过，拥有资质的单位零成本赚取了不菲的挂靠费用。“利益均沾，看起来对谁都有利，但这其中受损的，只有环境。这笔账该由谁来埋单？”这位环评机构负责人说。　　随后的专家评审和政府审批环节，亦没有实现对资质挂靠问题的把关。　　在上述环评中心官员看来，通过专家评审发现资质挂靠的证据几乎不可能。“挂靠单位编写的环评报告书，质量普遍较次，评审环节能够做的，就是从内容上进行把关，提高挂靠单位完成环评报告的成本，从而间接遏制挂靠行为的发生。”　　而公众参与环节中的不透明等弊病，则早已被舆论诟病多年。　　对于环评机构资质挂靠的问题，刘跃已多次给环保部写信。刘跃认为，在环评报告书中，附一张环评单位项目负责人在现场的照片，或直接要求项目负责人到现场，就可以一定程度上减少资质挂靠的发生。　　上述环评中心官员亦赞同刘跃的观点。“这样一来，就会增加挂靠单位的成本，其挂靠积极性就会下降。”　　然而，刘跃每一次向环保部写信最终都杳无音信。更让刘跃不解的是，他每每将环评机构资质挂靠的举报材料递至环保部，其网上的公开证据便会随即消失。　　另有上述从业十年的环评人士建议，应该要求建设单位将环评款项直接打入环评单位银行账户内，并由环评单位开具发票。这样一来相当于把无资质的挂靠单位从金钱结算上架空了，挂靠自然也就失去了生存土壤。','2015-08-16 09:40:16',0,0,4,'环境影响评价调查：买资质跟买白菜一样',66,7,'　环评是指对规划和建设项目实施后可能造成的环境影响进行分析、预测和评估，提出预防或者减轻不良环境影响的对策和措施，以及进行跟踪监测的方法与制度。　　不仅大型化工项目，就连普通公众身边的餐馆、门口施工的地铁建设工程都需要进行环评。　　环境影响评价（以下简称环评）之于环境，正如同肌肤'),(57,'　环评是指对规划和建设项目实施后可能造成的环境影响进行分析、预测和评估，提出预防或者减轻不良环境影响的对策和措施，以及进行跟踪监测的方法与制度。　　不仅大型化工项目，就连普通公众身边的餐馆、门口施工的地铁建设工程都需要进行环评。　　环境影响评价（以下简称环评）之于环境，正如同肌肤之于人体，是抵御污染“毒瘤”的第一道防线。　　而在云南生态脆弱的怒江上游贡山县，一个年产6万吨高氯酸钾的项目，却有着脆弱的“肌肤”。项目被质疑由无环评资质的机构承担了环评工作。　　“县乡两级15位人大代表提案反对项目建设，大量村民通过村委会等渠道表达了反对声音。”云南贡山一位乡级人大代表对南方周末记者表示。原定于2015年8月开工的项目，目前已被迫延期。　　这是被广州绿网环境保护服务中心（以下简称广州绿网）盯上的环评项目。最近，这家致力于环评调查的NGO频频发力，炮轰诸多知名机构涉嫌非法出借环评资质。　　“没有环评资质的公司，非法借用有资质单位的资质，实际开展环评工作，业内人士一般把这样的情况叫做资质挂靠。”一家乙级资质环评机构的负责人\n刘跃解释，“环评是你发的，报告书却是他写的。一份数百页的环评报告书，除了附在最前面、加盖公章的资质扫描件由名义上的环评单位提供，其余的均由无资质\n公司完成。”　　贡山项目只是冰山一角。近日，广州绿网和南方周末记者对环评机构数量最多的全国10个省份进行调查，共计600家环评机构，有137家涉嫌资质挂靠或被盗用，比例高达23%。　　“不少环评机构，就依靠着贩卖前面加盖公章的资质复印页赚钱，使用一次的价钱从几千到上万元不等。”刘跃说，“这早已是行业内公开的秘密。”　　1　　“买资质跟买白菜一样”　　贡山项目只是广州绿网和南方周末记者此次全国调查中的一例。　　广州绿网的工作人员通过网络检索发现，《贡山县迪麻洛年产6万吨高氯酸钾建设项目环境影响评价公众参与第二次公示》中，所写环评单位为河南蓝森环保科技有限公司，联系方式却为云南昆明的固定电话号码。　　在进一步的检索中，广州绿网发现该联系人、联系电话、联系地址，均指向昆明翊佐环境科技有限公司。而该公司在上述贡山项目环评公示时，并无相应环评资质。不仅如此，同样的联系电话、联系地址和联系人，变换着多家拥有环评资质单位的名义，开展环评项目。　　广州绿网怀疑，项目环评单位涉嫌资质挂靠。“根据检索的结果，使用同样联系方式的昆明公司，挂靠了多家环评机构资质开展业务。”广州绿网负责人向春解释。　　广州绿网和南方周末记者用上述方法，检索了四川、江苏、河南、黑龙江、广西、广东、山东、浙江、北京、河北等10个省份全部环评机构的项目，发\n现有23%的环评机构涉嫌资质挂靠或被盗用。其中，北京市最为严重，共85家环评机构中32家涉嫌资质挂靠或被盗用，达37.6%。江苏省次之，为\n32%。这些资质多被借给宁夏、云南等偏远省份。　　其中不乏部属环评单位。广州绿网发现环保部华南环境科学研究所、中环联（北京）环境保护有限公司两家部属环评单位，涉嫌将资质分别出借给福建、贵州的公司使用。广州绿网于2015年8月10日将上述情况向环保部进行了举报。　　实际上，环保部早已对环评机构的违法行为采取了严厉措施。仅2015年上半年，环保部对存在各类问题的63家建设项目环评机构做出了取消资质、缩减评价范围等相应处理。对现有环评机构资质条件进行清理，30家机构被取消或注销资质。　　然而，尽管受访的业内人士均认可挂靠现象具有普遍性，但却表示很难找到确凿的证据证明环评报告完全由无资质的环评机构负责编写，并违法使用了资质单位的环评资质。　　“通过公示的环评机构联系方式检索挂靠，其中虽不能排除误判和遗漏的可能性，不过却是目前非官方力量唯一可能的调查环评机构资质挂靠的方法了。”向春表示。　　为了验证结果，南方周末记者致电上述检索中涉嫌挂靠的8家环评机构，其中有5家表示可以挂靠合作。“我们甲级单位平台高，找我们合作的人也比较多，如果想合作的话都没有问题。”北京一家拥有资质的环评机构的经理答复。　　另有两家因其他原因无法合作。其中一位山东的环评机构经理给南方周末记者“支招”，建议采用“分公司”的形式进行挂靠合作。只有一家公司明确拒绝，其接电话的工作人员称：“我们是国有单位，你们这么做是违法的。”　　与此同时，南方周末记者采访了11位环评业内人士，包括环评机构负责人和一线环评师、借用资质的无资质公司负责人，以及负责组织专家评审会的官员。　　张磊是一家无资质公司老板。在他的微信群里，还有专门寻找“资质合作”的“业务员”。“经常有人在群里推销资质，甚至还有业务员登门推销，买一个资质就跟买白菜一样简单。”张磊表示，环评机构资质买卖已经形成了“地下市场”。　　张磊亦靠租借来的资质去做环评项目，最多时曾挂靠了二十余家。南方周末记者看到，目前张磊办公室的资料柜中存放的环评报告书，分别使用了6家不同的环评机构资质。　　2　　挂靠交织网　　“交叉挂靠或许是环评机构资质挂靠的一大显著特征。没资质的向多家有资质的单位借资质，有资质的将资质出借给多家公司。”向春对南方周末记者说。　　广州绿网的办公室，一块白板上用线条连接起一边是出借资质的单位表，一边是借用资质的单位表。密密麻麻的线条交织在一起，形成一个挂靠交织网。　　检索结果证实了向春判断。涉嫌资质挂靠的137家环评机构，或将资质出借给274家不同的公司。　　由于每家环评机构资质只能开展特定类别的环评，因而不同资质类别的环评单位也会“互通有无”。检索中发现，泉州市天龙环境工程有限公司既涉嫌将资质出借给泉州科蓝环保设计咨询有限公司，又涉嫌借用福建闽科环保技术开发有限公司的资质。该公司资质目前已被环保部取消。　　“有的甚至把租借来的资质，再转租给其他人，成为二道贩子。”刘跃表示。　　挂靠的另一个特征是，相较之环科院所和高等院校，私企的挂靠问题更多。在检索出的137家涉嫌资质挂靠的单位中，私企共91家，约为总数的三分之二。　　另外，北京的挂靠情况最为严重，这一情况也在多位业内人士的预料之中。“一方面，北京环评单位的资质种类比较齐全，挂靠可以一步到位；另一方\n面，北京本地环评项目很少，环评机构却很多，于是大量单位向外出借资质。”一名环评业内人士对南方周末记者表示，“北京资质出借的情况泛滥，已成为行业共\n识。”　　不仅如此，很多在外地挂靠资质的环评单位，都改头换面以“分公司”“办事处”的名义开展工作，正如上文山东环评公司经理“支招”的那样，用以规避风险。　　于是，很多借用资质的公司，名义上成为了拥有资质公司的“分公司”，并在当地环保部门备案登记。在检索调查中，一些环评公司分支机构的数量，超过甚至数倍于其环评工程师的人数。　　例如江苏绿源工程设计研究有限公司，拥有环评师21人，而其分支机构经统计则多达23个。河南蓝森环保科技有限公司有环评师28个，分支机构则为29个。而更夸张的是浙江商达环保有限公司，有22个分支机构，环评师却仅为7人。　　“就按照每个分支机构只拥有一名环评师做环评来计算，也有分支机构连一个环评师都没有。那么报告由谁来撰写？”张磊质疑。　　3　　滋生土壤　　“虽然理论上这种情况（指分支机构多、环评师少的现象）是讲不通的，但实际上并不违法。除非可以确定建设单位直接与无资质环评机构签订了环评委托合同，无资质环评企业负责包办环评各项事宜。”广东某地评估中心一名负责组织环评报告专家评审会的官员对南方周末记者说。　　“按照要求，环评机构只需在相应地方备案，便可从事环评工作。并没有法律规定公示联络的人员不得是其他公司的人员，或者拥有环评师资质。因而这也是制度上的缺陷，不少环评机构正是钻了这样的空子。”一位从业十年的环评人士说。　　环保部在对环评机构处理通报上，使用更多的是“借用外单位人员违规开展业务”的表述。根据环保部网站公开的信息，仅有2013年10月25日的通报中定性为“环评机构出借资质”。　　代替“挂靠”的表述，还有“盗用”。即无资质的单位未经许可，私自使用了环评机构的资质，从事环评工作，与有资质的环评机构无关。二者的区别在\n于有资质的单位是否知情。 \n南方周末报道的宁夏瑞博资质挂靠案件（详见2015年3月26日《环评资质倒卖经——第一道污染防线上的“空手道”》）中，宁夏瑞博被认定为盗用资质，而\n另外几家涉嫌出借资质的环评机构则相安无事。　　“说白了，就是资质单位、管理部门、掮客相互勾结的结果，一旦出了问题，由掮客一人承担，最后大家都没责任了。”广州一位环评从业人员对此表示，这样资质挂靠的情况，伴随着环评制度的发展，一直存在。　　随着2008年《建设项目环境影响评价分类管理名录》的调整扩大和经济刺激政策的出台，需要环评的项目逐渐增多，想吃蛋糕的人也在成倍增加。于是，大批挂靠企业产生。　　“另外，一些曾经的环评机构员工，也看准了市场机会，跳槽出来自己当老板，找一家单位挂靠资质开展环评业务。”张磊说。他本人也是这样成为公司老板的。　　大量挂靠使得环评市场价格逐渐被压缩。“他们不需要有资质的人员、不需要专业设备、不需要前往现场，于是成本便可以被极度压缩。其市场报价，甚至比有资质单位严格按照规范操作环评的成本价还要低。”　　有资质的环评机构迫于生存压力，不得不将资质出借，通过挂靠费增加收入。资质出借给更多的单位，环评价格进一步被压缩。环评机构资质挂靠愈演愈烈。　　这样的恶性循环最终影响了整个环评行业的健康发展。一些受访的老环评从业人员表示，在环评行业继续工作,收入已经无法满足其需求，有环评人正在从环境污染源头控制的环评工作，转向位于末端治理的环境工程。“做环境工程，一单的收入能顶做环评一年。”张磊说。　　4　　节节失守　　一份环评报告的出台需要经过项目建设方、环评单位、专家评审、公众参与、政府审批等数个环节。这些环节何以节节失守，致使挂靠行为肆意横行？　　“这几个方面本应是监督与制约的关系。然而实际上，这几方处于共同的利益链上，是利益均沾而非监督与制约。”一名乙级资质环评机构负责人表示，“建设单位并不关心环评单位是否为挂靠，在乎的只是花费最少的钱，把手续办齐，拿到批文顺利开工。”　　于是，挂靠单位可以顺利接项目挣钱，建设单位花费较少的成本使得原本通不过环评的项目通过，拥有资质的单位零成本赚取了不菲的挂靠费用。“利益均沾，看起来对谁都有利，但这其中受损的，只有环境。这笔账该由谁来埋单？”这位环评机构负责人说。　　随后的专家评审和政府审批环节，亦没有实现对资质挂靠问题的把关。　　在上述环评中心官员看来，通过专家评审发现资质挂靠的证据几乎不可能。“挂靠单位编写的环评报告书，质量普遍较次，评审环节能够做的，就是从内容上进行把关，提高挂靠单位完成环评报告的成本，从而间接遏制挂靠行为的发生。”　　而公众参与环节中的不透明等弊病，则早已被舆论诟病多年。　　对于环评机构资质挂靠的问题，刘跃已多次给环保部写信。刘跃认为，在环评报告书中，附一张环评单位项目负责人在现场的照片，或直接要求项目负责人到现场，就可以一定程度上减少资质挂靠的发生。　　上述环评中心官员亦赞同刘跃的观点。“这样一来，就会增加挂靠单位的成本，其挂靠积极性就会下降。”　　然而，刘跃每一次向环保部写信最终都杳无音信。更让刘跃不解的是，他每每将环评机构资质挂靠的举报材料递至环保部，其网上的公开证据便会随即消失。　　另有上述从业十年的环评人士建议，应该要求建设单位将环评款项直接打入环评单位银行账户内，并由环评单位开具发票。这样一来相当于把无资质的挂靠单位从金钱结算上架空了，挂靠自然也就失去了生存土壤。','2015-08-16 09:41:10',1,0,3,'环境影响进行分析',66,7,'　环评是指对规划和建设项目实施后可能造成的环境影响进行分析、预测和评估，提出预防或者减轻不良环境影响的对策和措施，以及进行跟踪监测的方法与制度。　　不仅大型化工项目，就连普通公众身边的餐馆、门口施工的地铁建设工程都需要进行环评。　　环境影响评价（以下简称环评）之于环境，正如同肌肤'),(58,'环境影响进行分析环境影响进行分析环境影响进行分析环境影响进行分析环境影响进行分析环境影响进行分析环境影响进行分析环境影响进行分析环境影响进行分析环境影响进行分析环境影响进行分析环境影响进行分析环境影响进行分析环境影响进行分析环境影响进行分析环境影响进行分析环境影响进行分析环境影响进行分析环境影响进行分析环境影响进行分析环境影响进行分析环境影响进行分析环境影响进行分析环境影响进行分析环境影响进行分析环境影响进行分析环境影响进行分析环境影响进行分析环境影响进行分析环境影响进行分析环境影响进行分析环境影响进行分析环境影响进行分析环境影响进行分析环境影响进行分析环境影响进行分析环境影响进行分析环境影响进行分析环境影响进行分析环境影响进行分析环境影响进行分析环境影响进行分析环境影响进行分析环境影响进行分析环境影响进行分析','2015-08-16 09:42:15',0,0,1,'环境影响进行分析',66,7,'环境影响进行分析环境影响进行分析环境影响进行分析环境影响进行分析环境影响进行分析环境影响进行分析环境影响进行分析环境影响进行分析环境影响进行分析环境影响进行分析环境影响进行分析环境影响进行分析环境影响进行分析环境影响进行分析环境影响进行分析环境影响进行分析环境影响进行分析环境影响'),(59,'环境影响进行分析环境影响进行分析环境影响进行分析环境影响进行分析环境影响进行分析环境影响进行分析环境影响进行分析环境影响进行分析环境影响进行分析环境影响进行分析环境影响进行分析环境影响进行分析环境影响进行分析环境影响进行分析环境影响进行分析环境影响进行分析','2015-08-16 09:42:50',0,0,0,'环境影响进行分析',66,7,'环境影响进行分析环境影响进行分析环境影响进行分析环境影响进行分析环境影响进行分析环境影响进行分析环境影响进行分析环境影响进行分析环境影响进行分析环境影响进行分析环境影响进行分析环境影响进行分析环境影响进行分析环境影响进行分析环境影响进行分析环境影响进行分析'),(60,'我爱你，测试文件问题\n我爱你，测试文件问题\n我爱你，测试文件问题\n我爱你，测试文件问题\n我爱你，测试文件问题\n我爱你，测试文件问题\n我爱你，测试文件问题\n我爱你，测试文件问题\n我爱你，测试文件问题\n我爱你，测试文件问题\n我爱你，测试文件问题\n我爱你，测试文件问题\n我爱你，测试文件问题\n我爱你，测试文件问题\n我爱你，测试文件问题\n我爱你，测试文件问题\n我爱你，测试文件问题\n我爱你，测试文件问题\n我爱你，测试文件问题\n我爱你，测试文件问题\n\n','2015-08-16 09:47:43',1,0,4,'我爱你，测试文件问题',66,NULL,'我爱你，测试文件问题我爱你，测试文件问题我爱你，测试文件问题我爱你，测试文件问题我爱你，测试文件问题我爱你，测试文件问题我爱你，测试文件问题我爱你，测试文件问题我爱你，测试文件问题我爱你，测试文件问题我爱你，测试文件问题我爱你，测试文件问题我爱你，测试文件'),(61,'我此奥，问题少女\n我此奥，问题少女\n我此奥，问题少女\n我此奥，问题少女\n我此奥，问题少女\n\n','2015-08-16 09:48:54',0,0,9,'我此奥，问题少女',66,NULL,'我此奥，问题少女我此奥，问题少女我此奥，问题少女我此奥，问题少女我此奥，问题少女'),(62,'<p>蛋疼的测试蛋疼的测试</p><p>蛋疼的测试蛋疼的测试</p><p>蛋疼的测试蛋疼的测试蛋疼的测试</p><p>蛋疼的测试蛋疼的测试</p>','2015-08-16 09:50:18',0,0,5,'蛋疼的测试',66,NULL,'蛋疼的测试蛋疼的测试蛋疼的测试蛋疼的测试蛋疼的测试蛋疼的测试蛋疼的测试蛋疼的测试蛋疼的测试'),(63,'<p>环评是指对规划和建设项目实施后可能造成的环境影响进行分析、预测和评估，提出预防或者减轻不良环境影响的对策和措施，以及进行跟踪监测的方法与制度。</p><p>　　不仅大型化工项目，就连普通公众身边的餐馆、门口施工的地铁建设工程都需要进行环评。</p><p>　　环境影响评价（以下简称环评）之于环境，正如同肌肤之于人体，是抵御污染“毒瘤”的第一道防线。</p><p>　　而在云南生态脆弱的怒江上游贡山县，一个年产6万吨高氯酸钾的项目，却有着脆弱的“肌肤”。项目被质疑由无环评资质的机构承担了环评工作。</p><p>　　“县乡两级15位人大代表提案反对项目建设，大量村民通过村委会等渠道表达了反对声音。”云南贡山一位乡级人大代表对南方周末记者表示。原定于2015年8月开工的项目，目前已被迫延期。</p><p>　　这是被广州绿网环境保护服务中心（以下简称广州绿网）盯上的环评项目。最近，这家致力于环评调查的NGO频频发力，炮轰诸多知名机构涉嫌非法出借环评资质。</p><p>　　“没有环评资质的公司，非法借用有资质单位的资质，实际开展环评工作，业内人士一般把这样的情况叫做资质挂靠。”一家乙级资质环评机构的负责人\n刘跃解释，“环评是你发的，报告书却是他写的。一份数百页的环评报告书，除了附在最前面、加盖公章的资质扫描件由名义上的环评单位提供，其余的均由无资质\n公司完成。”</p><p>　　贡山项目只是冰山一角。近日，广州绿网和南方周末记者对环评机构数量最多的全国10个省份进行调查，共计600家环评机构，有137家涉嫌资质挂靠或被盗用，比例高达23%。</p><p>　　“不少环评机构，就依靠着贩卖前面加盖公章的资质复印页赚钱，使用一次的价钱从几千到上万元不等。”刘跃说，“这早已是行业内公开的秘密。”</p><p>　<strong>　1</strong></p><p><strong>　　“买资质跟买白菜一样”</strong></p><p>　　贡山项目只是广州绿网和南方周末记者此次全国调查中的一例。</p><p>　　广州绿网的工作人员通过网络检索发现，《贡山县迪麻洛年产6万吨高氯酸钾建设项目环境影响评价公众参与第二次公示》中，所写环评单位为河南蓝森环保科技有限公司，联系方式却为云南昆明的固定电话号码。</p><p>　　在进一步的检索中，广州绿网发现该联系人、联系电话、联系地址，均指向昆明翊佐环境科技有限公司。而该公司在上述贡山项目环评公示时，并无相应环评资质。不仅如此，同样的联系电话、联系地址和联系人，变换着多家拥有环评资质单位的名义，开展环评项目。</p><p>　　广州绿网怀疑，项目环评单位涉嫌资质挂靠。“根据检索的结果，使用同样联系方式的昆明公司，挂靠了多家环评机构资质开展业务。”广州绿网负责人向春解释。</p><p>　　广州绿网和南方周末记者用上述方法，检索了四川、江苏、河南、黑龙江、广西、广东、山东、浙江、北京、河北等10个省份全部环评机构的项目，发\n现有23%的环评机构涉嫌资质挂靠或被盗用。其中，北京市最为严重，共85家环评机构中32家涉嫌资质挂靠或被盗用，达37.6%。江苏省次之，为\n32%。这些资质多被借给宁夏、云南等偏远省份。</p><p>　　其中不乏部属环评单位。广州绿网发现环保部华南环境科学研究所、中环联（北京）环境保护有限公司两家部属环评单位，涉嫌将资质分别出借给福建、贵州的公司使用。广州绿网于2015年8月10日将上述情况向环保部进行了举报。</p><p>　　实际上，环保部早已对环评机构的违法行为采取了严厉措施。仅2015年上半年，环保部对存在各类问题的63家建设项目环评机构做出了取消资质、缩减评价范围等相应处理。对现有环评机构资质条件进行清理，30家机构被取消或注销资质。</p><p>　　然而，尽管受访的业内人士均认可挂靠现象具有普遍性，但却表示很难找到确凿的证据证明环评报告完全由无资质的环评机构负责编写，并违法使用了资质单位的环评资质。</p><p>　　“通过公示的环评机构联系方式检索挂靠，其中虽不能排除误判和遗漏的可能性，不过却是目前非官方力量唯一可能的调查环评机构资质挂靠的方法了。”向春表示。</p><p>　　为了验证结果，南方周末记者致电上述检索中涉嫌挂靠的8家环评机构，其中有5家表示可以挂靠合作。“我们甲级单位平台高，找我们合作的人也比较多，如果想合作的话都没有问题。”北京一家拥有资质的环评机构的经理答复。</p><p>　　另有两家因其他原因无法合作。其中一位山东的环评机构经理给南方周末记者“支招”，建议采用“分公司”的形式进行挂靠合作。只有一家公司明确拒绝，其接电话的工作人员称：“我们是国有单位，你们这么做是违法的。”</p><p>　　与此同时，南方周末记者采访了11位环评业内人士，包括环评机构负责人和一线环评师、借用资质的无资质公司负责人，以及负责组织专家评审会的官员。</p><p>　　张磊是一家无资质公司老板。在他的微信群里，还有专门寻找“资质合作”的“业务员”。“经常有人在群里推销资质，甚至还有业务员登门推销，买一个资质就跟买白菜一样简单。”张磊表示，环评机构资质买卖已经形成了“地下市场”。</p><p>　　张磊亦靠租借来的资质去做环评项目，最多时曾挂靠了二十余家。南方周末记者看到，目前张磊办公室的资料柜中存放的环评报告书，分别使用了6家不同的环评机构资质。</p><p><strong>　　2</strong></p><p><strong>　　挂靠交织网</strong></p><p>　　“交叉挂靠或许是环评机构资质挂靠的一大显著特征。没资质的向多家有资质的单位借资质，有资质的将资质出借给多家公司。”向春对南方周末记者说。</p><p>　　广州绿网的办公室，一块白板上用线条连接起一边是出借资质的单位表，一边是借用资质的单位表。密密麻麻的线条交织在一起，形成一个挂靠交织网。</p><p>　　检索结果证实了向春判断。涉嫌资质挂靠的137家环评机构，或将资质出借给274家不同的公司。</p><p>　　由于每家环评机构资质只能开展特定类别的环评，因而不同资质类别的环评单位也会“互通有无”。检索中发现，泉州市天龙环境工程有限公司既涉嫌将资质出借给泉州科蓝环保设计咨询有限公司，又涉嫌借用福建闽科环保技术开发有限公司的资质。该公司资质目前已被环保部取消。</p><p>　　“有的甚至把租借来的资质，再转租给其他人，成为二道贩子。”刘跃表示。</p><p>　　挂靠的另一个特征是，相较之环科院所和高等院校，私企的挂靠问题更多。在检索出的137家涉嫌资质挂靠的单位中，私企共91家，约为总数的三分之二。</p><p>　　另外，北京的挂靠情况最为严重，这一情况也在多位业内人士的预料之中。“一方面，北京环评单位的资质种类比较齐全，挂靠可以一步到位；另一方\n面，北京本地环评项目很少，环评机构却很多，于是大量单位向外出借资质。”一名环评业内人士对南方周末记者表示，“北京资质出借的情况泛滥，已成为行业共\n识。”</p><p>　　不仅如此，很多在外地挂靠资质的环评单位，都改头换面以“分公司”“办事处”的名义开展工作，正如上文山东环评公司经理“支招”的那样，用以规避风险。</p><p>　　于是，很多借用资质的公司，名义上成为了拥有资质公司的“分公司”，并在当地环保部门备案登记。在检索调查中，一些环评公司分支机构的数量，超过甚至数倍于其环评工程师的人数。</p><p>　　例如江苏绿源工程设计研究有限公司，拥有环评师21人，而其分支机构经统计则多达23个。河南蓝森环保科技有限公司有环评师28个，分支机构则为29个。而更夸张的是浙江商达环保有限公司，有22个分支机构，环评师却仅为7人。</p><p>　　“就按照每个分支机构只拥有一名环评师做环评来计算，也有分支机构连一个环评师都没有。那么报告由谁来撰写？”张磊质疑。</p><p>　<strong>　3</strong></p><p><strong>　　滋生土壤</strong></p><p>　　“虽然理论上这种情况（指分支机构多、环评师少的现象）是讲不通的，但实际上并不违法。除非可以确定建设单位直接与无资质环评机构签订了环评委托合同，无资质环评企业负责包办环评各项事宜。”广东某地评估中心一名负责组织环评报告专家评审会的官员对南方周末记者说。</p><p>　　“按照要求，环评机构只需在相应地方备案，便可从事环评工作。并没有法律规定公示联络的人员不得是其他公司的人员，或者拥有环评师资质。因而这也是制度上的缺陷，不少环评机构正是钻了这样的空子。”一位从业十年的环评人士说。</p><p>　　环保部在对环评机构处理通报上，使用更多的是“借用外单位人员违规开展业务”的表述。根据环保部网站公开的信息，仅有2013年10月25日的通报中定性为“环评机构出借资质”。</p><p>　　代替“挂靠”的表述，还有“盗用”。即无资质的单位未经许可，私自使用了环评机构的资质，从事环评工作，与有资质的环评机构无关。二者的区别在\n于有资质的单位是否知情。 \n南方周末报道的宁夏瑞博资质挂靠案件（详见2015年3月26日《环评资质倒卖经——第一道污染防线上的“空手道”》）中，宁夏瑞博被认定为盗用资质，而\n另外几家涉嫌出借资质的环评机构则相安无事。</p><p>　　“说白了，就是资质单位、管理部门、掮客相互勾结的结果，一旦出了问题，由掮客一人承担，最后大家都没责任了。”广州一位环评从业人员对此表示，这样资质挂靠的情况，伴随着环评制度的发展，一直存在。</p><p>　　随着2008年《建设项目环境影响评价分类管理名录》的调整扩大和经济刺激政策的出台，需要环评的项目逐渐增多，想吃蛋糕的人也在成倍增加。于是，大批挂靠企业产生。</p><p>　　“另外，一些曾经的环评机构员工，也看准了市场机会，跳槽出来自己当老板，找一家单位挂靠资质开展环评业务。”张磊说。他本人也是这样成为公司老板的。</p><p>　　大量挂靠使得环评市场价格逐渐被压缩。“他们不需要有资质的人员、不需要专业设备、不需要前往现场，于是成本便可以被极度压缩。其市场报价，甚至比有资质单位严格按照规范操作环评的成本价还要低。”</p><p>　　有资质的环评机构迫于生存压力，不得不将资质出借，通过挂靠费增加收入。资质出借给更多的单位，环评价格进一步被压缩。环评机构资质挂靠愈演愈烈。</p><p>　　这样的恶性循环最终影响了整个环评行业的健康发展。一些受访的老环评从业人员表示，在环评行业继续工作,收入已经无法满足其需求，有环评人正在从环境污染源头控制的环评工作，转向位于末端治理的环境工程。“做环境工程，一单的收入能顶做环评一年。”张磊说。</p><p>　<strong>　4</strong></p><p><strong>　　节节失守</strong></p><p>　　一份环评报告的出台需要经过项目建设方、环评单位、专家评审、公众参与、政府审批等数个环节。这些环节何以节节失守，致使挂靠行为肆意横行？</p><p>　　“这几个方面本应是监督与制约的关系。然而实际上，这几方处于共同的利益链上，是利益均沾而非监督与制约。”一名乙级资质环评机构负责人表示，“建设单位并不关心环评单位是否为挂靠，在乎的只是花费最少的钱，把手续办齐，拿到批文顺利开工。”</p><p>　　于是，挂靠单位可以顺利接项目挣钱，建设单位花费较少的成本使得原本通不过环评的项目通过，拥有资质的单位零成本赚取了不菲的挂靠费用。“利益均沾，看起来对谁都有利，但这其中受损的，只有环境。这笔账该由谁来埋单？”这位环评机构负责人说。</p><p>　　随后的专家评审和政府审批环节，亦没有实现对资质挂靠问题的把关。</p><p>　　在上述环评中心官员看来，通过专家评审发现资质挂靠的证据几乎不可能。“挂靠单位编写的环评报告书，质量普遍较次，评审环节能够做的，就是从内容上进行把关，提高挂靠单位完成环评报告的成本，从而间接遏制挂靠行为的发生。”</p><p>　　而公众参与环节中的不透明等弊病，则早已被舆论诟病多年。</p><p>　　对于环评机构资质挂靠的问题，刘跃已多次给环保部写信。刘跃认为，在环评报告书中，附一张环评单位项目负责人在现场的照片，或直接要求项目负责人到现场，就可以一定程度上减少资质挂靠的发生。</p><p>　　上述环评中心官员亦赞同刘跃的观点。“这样一来，就会增加挂靠单位的成本，其挂靠积极性就会下降。”</p><p>　　然而，刘跃每一次向环保部写信最终都杳无音信。更让刘跃不解的是，他每每将环评机构资质挂靠的举报材料递至环保部，其网上的公开证据便会随即消失。</p><p>　　另有上述从业十年的环评人士建议，应该要求建设单位将环评款项直接打入环评单位银行账户内，并由环评单位开具发票。这样一来相当于把无资质的挂靠单位从金钱结算上架空了，挂靠自然也就失去了生存土壤。</p><p><br/></p>','2015-08-16 09:50:58',0,0,23,'环境影响评价调查:买资质跟买白菜一样',66,NULL,'环评是指对规划和建设项目实施后可能造成的环境影响进行分析、预测和评估，提出预防或者减轻不良环境影响的对策和措施，以及进行跟踪监测的方法与制度。　　不仅大型化工项目，就连普通公众身边的餐馆、门口施工的地铁建设工程都需要进行环评。　　环境影响评价（以'),(65,'<p>8月11日，华电<a href=\"http://www.chinapower.com.cn/keywordpage/keywordpage1219.asp\" target=\"_blank\">工程</a>下属华电重工股份有限公司与中电投江苏海上风力发电有限公司签订《中电投江苏滨海北区H1#100MW海上<a href=\"http://www.chinapower.com.cn/keywordpage/keywordpage1218.asp\" target=\"_blank\">风电</a>场基础施工、塔架制造及设备安装工程施工合同》，合同金额约为3.76亿元。这是华电重工继成功完成上海东海大桥海上风电10台主机更换工程及台湾福海风力发电海气象观测塔施工工程之后，海上风电业务发展取得的又一项重大突破。<br/><br/>　　华电重工深入贯彻落实集团公司、华电工程各项战略部署，确定了海洋与环境工程作为公司五大业务发展方向之一，2014年下半年购置了国内第一艘自升式海上风电专用施工平台“华电1001”，取得了海上施工资质，结合华电曹妃甸重工临港装备制造能力，逐步打造集工程<a href=\"http://www.ceppea.org/\" target=\"_blank\">设计</a>、海工设备制造、海上施工、运行维护服务于一体的海上风电全产业链模式，为集团及国内其他客户海上风电建设<a href=\"http://www.chinapower.com.cn/keywordpage/keywordpage1219.asp\" target=\"_blank\">项目</a>提供服务。<br/><br/>　　此次合同的签订，标志着华电重工海上风电工程综合实力已获得业界的充分认可。此次中标的中电投江苏滨海北区H1#100MW海上风电场项目是国家<a href=\"http://www.chinapower.com.cn/keywordpage/keywordpage1358.asp\" target=\"_blank\">能源局</a>下\n发的“全国海上风电开发建设方案（2014-2016）”44个项目之一。华电重工所中标段主要为25台单机容量4MW风电机组（西门子机组）海桩的制作\n与施工、基础防护、塔筒制作与运输、风电机组及塔筒设备的安装及验收等。工程计划于2015年9月开工，2016年3月底完工。<br/></p>','2015-08-16 11:51:23',0,0,0,'海上风电取得重大突破 华电重工再签大单',66,NULL,'8月11日，华电工程下属华电重工股份有限公司与中电投江苏海上风力发电有限公司签订《中电投江苏'),(66,'<p>珠江商报 \n记者李文杰报道：顺德区人大常委会对环保工作的评议进入第三天。昨日，评议组实地视察了大门污水处理厂，并召集环保监督、服务对象和人大代表、村居代表座\n谈，听取他们对环保工作的评价。有企业认为，环保社会组织的培育不充分，政府的放权有限，仍需进一步增加市场开放性。</p><p>　　当前，环境保护已成为社会热点问题。为了加强对政府环境保护工作的监督，8月12至14日，区人大常委会副主任黄晴与人大常委会城建环资工委成员、部分区人大代表组成10人评议调查组，对区环境运输和城市管理局环保工作开展工作评议调查。</p><p>8月12日上午，调研组来到区环境运输和城市管理局，听取环保工作的自查报告，区环运城管局介绍，顺德区以生态文明建设统领环境保护工作，全方位推进城乡环境综合治理。</p><p>　　8月13日，顺德区人大常委会调研组现场视察区环境保护监测站，与各镇街环保部门座谈。</p><p>　　昨日上午，调研组则在大门污水处理厂与环保监督、服务对象和人大代表、村居代表座谈。亮科环保工程有限公司经理蔡智君希望政府帮助企业引入更多\n的环保人才，因为只有高水平的人才队伍才有高水平的环保治理。汤浅蓄电池公司主管江虹希望加大对企业基层一线的宣传培训，更多地为企业解读相关的环保法律\n法规。顺德环境科学学会会长梁志谦认为，顺德环保的社会组织不多，希望政府加大培育力度。区环境运输和城市管理局副局长伍成亮对此回应，环保社会组织培育\n不充分，也使政府的放权受限，进而影响了市场开放性，政府部门也鼓励支持社会组织的发展壮大。</p><p>　　黄晴表示，评议工作组将根据调研和评议情况形成工作评议意见，以适当的形式向人大代表及社会公布，并及时监督检查区环运城管局环保板块的整改情\n况。多位人大代表则希望政府部门要进一步加大环境保护工作力度，要让市民真正享受得到青山碧水和蓝天，希望能加大截污力度，加快污水管网建设，完善污水处\n理设施。</p><p><br/></p>','2015-08-16 11:52:00',0,0,1,'顺德将鼓励环保社会组织发展壮大',66,NULL,'珠江商报记者李文杰报道：顺德区人大常委会对环保工作的评议进入第三天。昨日，评议组实地视察了大门污水处理厂，并召集环保监督、服务对象和人大代表、村居代表座谈，听取他们对环保工作的评价。有企业认为，环保社会组织的培育不充分，政府的放权有限，仍需进一步增加市场开放性。</p'),(67,'<p>原标题：打造中印尼能源合作样板工程（第一现场）</p><p>——中企<a href=\"http://app.travel.ifeng.com/province_570\" target=\"_blank\">巴厘岛</a>一期燃煤电厂项目竣工投产</p><p>本报驻印度尼西亚记者 席来旺</p><p>《 &nbsp; &nbsp; &nbsp; &nbsp; &nbsp;人民日报 &nbsp; &nbsp; &nbsp; &nbsp; &nbsp;》（ &nbsp; &nbsp; &nbsp; &nbsp; &nbsp;2015年08月14日 &nbsp; &nbsp; &nbsp; &nbsp; &nbsp; 21 &nbsp; &nbsp; &nbsp; &nbsp; &nbsp;版）</p><p class=\"detailPic\"><img alt=\"\" src=\"http://y2.ifengimg.com/cmpp/2015/08/14/05/745a6598-206d-4798-a6a1-9a1951c1b25e_size59_w400_h193.jpg\"/></p><p>中国华电集团印尼巴厘岛一期燃煤电厂项目厂区的远景图。圆顶建筑为印尼首个全封闭的圆形煤场，右侧为项目在爪哇海岸自建的专属运煤码头。</p><p>本报记者 席来旺摄</p><p>1号、2号、3号三台发电机组分别于6月18日、6月27日、7月31日投产进入商业运行，创造了一月一投产的工程纪录。</p><p>8月11日，美丽的印度尼西亚巴厘岛，中国和印尼两国嘉宾共同见证中国华电集团印尼巴厘岛一期燃煤电厂项目（以下简称巴厘岛电厂项目）竣工投产仪式。究竟是怎样一个中国建设项目既让印尼政府满意、又让当地百姓获益？本报记者进行了实地采访。</p><p>注重环保——</p><p>为当地发展提供优质能源</p><p>巴厘岛是享誉世界的<a href=\"http://travel.ifeng.com/\" target=\"_blank\">旅游</a>胜地，每年有1000多万人次的游客到访。这给电力供应提出了新要求，而巴厘岛目前主要依赖外岛输电和燃油发电。</p><p>巴\n厘岛电厂项目位于巴厘岛北部，北临爪哇海，距巴厘省会城市登巴萨约150公里。一期工程建设有三台142兆瓦燃煤火力发电机组，并留有再扩建两台300兆\n瓦燃煤火力发电机组的场地，总容量426兆瓦，将满足全岛40%的用电需求，为当地提供稳定、可靠、集约的电力解决方案，可以解决长期困扰巴厘岛的电力短\n缺难题。</p><p>走进电厂，仿佛置身于美丽的公园中。在电厂公共区域中央，一排金色标语格外醒目——“打造样板工程 锤炼过硬队伍 树立华电品牌 \n展现祖国形象”。巴厘岛电厂项目组认为，该项目是一次倾注十年海外经验的品牌探索，是一个汇聚多方力量落实“一带一路”倡议的平台，是一个将创新思维和绿\n色理念融入当地文化的优质工程。</p><p>项目公司印尼巴厘通用能源公司董事总经理陈拯告诉本报记者，由于该项目位于国际知名旅游胜地，保护环境是项\n目建设的重点，也是各方关注的焦点。项目建设过程一直秉承建设“绿色环保”工程的目标，从设计到施工运行，都严格遵守环保法规，最大限度减小对环境的影\n响。其中，脱硫、烟尘、氮氧化物等排放浓度远低于印尼国家标准。废水集中处理后回收使用、固体废弃物综合利用，力争达到无烟、无尘、无灰的环保目标。项目\n建设了印尼第一个全封闭的圆形煤场，解决了大型电厂特别是海滨电厂露天煤场对厂区周围的污染。此外，海水取水管线采用了钢沉管方案，对海边地形及生态环境\n的影响大为减少，使取水工程更为环保。</p><p>记者在现场感受到，电厂的很多细节都彰显绿色思维，实现了“景观工程”“优质工程”和“绿色环保工\n程”的目标。巴厘省省长助理伊·格图特·维加对此大加赞赏，他表示，环保型的能源资源比丰富的旅游资源更为宝贵，巴厘岛下决心停用不环保的发电厂，选择华\n电最新型的现代环保项目，为印尼发展提供优质能源。</p><p>和谐共处——</p><p>兼顾经济效益与社会口碑</p><p>巴厘岛电厂项目是华电集团迄今已投产的最大海外投资项目。自开工以来，一直得到中印尼两国政府及有关部门的高度关注和媒体的充分肯定。</p><p>据\n了解，该项目是华电自2004年在印尼成功建设并投产的第五个电厂项目。中国驻印尼大使馆商务公参王立平介绍称，能源合作是中国印尼双边合作的重要议题，\n按照两国政府不久前签署的新《合作意向书》，中方已应印尼方要求推荐了华电集团等4家实力雄厚、经验丰富的能源集团，参与新的合作项目。</p><p>中\n国企业在海外如何兼顾经济效益与社会口碑？巴厘岛电厂项目提供了借鉴经验。巴厘岛电厂项目管理人员对此颇有感触。他们认为，努力实现经营管理本土化、融入\n当地社会、与周边村民和谐共处，是中企海外项目建设成功的重要经验。华电充分利用当地的劳动力资源，严格遵守印尼有关劳工和社会保障等法律法规，充分保障\n当地员工的工资和福利，改善当地收入结构，带动经济、社会共同发展。据介绍，该项目为当地提供了几千个就业机会，缓解了当地的就业压力。同时，员工平均工\n资的年涨幅约在15%—30%，高于当地平均水平。不仅如此，华电仅在2014年就为当地员工提供了23次专业技能培训，培养了一批工程建设专业人才，在\n为印尼未来自主开发相关产业奠定重要人力资源基础的同时，也增强了当地员工对企业的认同感。</p><p><br/></p>','2015-08-16 11:52:47',0,0,2,' 打造中印尼能源合作样板工程（第一现场）',66,NULL,'原标题：打造中印尼能源合作样板工程（第一现场）——中企巴厘岛一期燃煤电厂项目竣工投产本报驻印度尼西亚记者'),(68,'<p>想通过<a class=\"keywordslinks\" href=\"http://ca.eu.com.cn/\" target=\"_blank\">加拿大移民</a><a class=\"keywordslinks\" href=\"http://www.liuxue360.com/\" target=\"_blank\">留学</a>，选对专业最重要！那么哪些专业是最热门的留学移民专业呢？同学们又该如何申请？而哪些学校的相关专业最值得参考呢？<a class=\"keywordslinks\" href=\"http://www.liuxue360.com/\" target=\"_blank\">360教育集团</a>（<a href=\"http://www.liuxue360.com/\" target=\"_blank\">http://www.liuxue360.com/</a>）总结了<a class=\"keywordslinks\" href=\"http://ca.liuxue360.com/\" target=\"_blank\">加拿大留学</a>移民最有前景、最容易移民的热门专业为同学们参考。选专业不可盲目随波逐流，只有适合自己的才能真正找到乐趣，并用于今后的工作中。</p><p><strong>　　1　全球最火专业：金融专业</strong></p><p>　　金融服务行业是<a class=\"keywordslinks\" href=\"http://www.liuxueca.cn/\" target=\"_blank\">加拿大</a>经济的重要支柱。<a class=\"keywordslinks\" href=\"http://ca.liuxue360.cm/\" target=\"_blank\">加拿大</a>金融专业未来就业方向是整个加拿大金融行业，主要包括银行、信托公司、信用社、人寿保险公司、财产保险公司、证券公司和投资代理等七大类金融公司。</p><p>　　加拿大金融业现在很缺乏金融专业人才，他们一方面需要有财务和金融知识，另外一方面他们要具备写金融计算程序的能力。他们还需要熟悉金融产品以及这些产品会产生哪些风险。有理工科和数学、统计背景的学生可以考虑。</p><p>　　会计专业是金融学科中最具代表性的子专业之一。以研究财务活动和成本资料的收集、分类、综合、分析和解释的基础上形成协助决策的信息系统，以有\n效地管理经济的一门应用学科，可以说它是社会学科的组成部分，也是一门重要的管理学科。会计可分为财务会计Financial \nAccounting、管理会计Management Accounting、成本会计Cost \nAccounting、统计会计Statistic、税务会计Taxation、审计会计Audit等六个方向。</p><p>　　目前加拿大金融业所需人才主要分为如下几类：一般业务人员、财会类业务人员、个人金融理财人员、金融投资分析人员、金融财务审计师和会计师、交易員、研究分析人員、风险管理人员、信息系统管理人员和客户服务人员。</p><p>　　* Financial Managers 36.06 (75004.8)</p><p>　　* Financial &amp; Investment Analysts 29.67 (61713.6)</p><p>　　* Financial Auditors &amp;Accountants 27.47 (57137.6)</p><p>　　* Accounting &amp; Related 18.03 (37502.4)</p><p><strong>　　2　最有竞争力专业：教育专业</strong></p><p>　　加拿大一直坚持不以教育为产业，截止到2015年，预计有一半的教育工作者要退休。加拿大现移民人口中华裔人口已占加拿大总人口的3.5%，对\n于拥有中文背景的老师需求加大，从整个大形势看，幼儿教育专业，教育学专业，教育治理专业等相关教育领域的专业已经成为留学学生的热门选择。</p><p>　　教育相关专业就业方向很广，包括高校、中小学、特殊教育机构、出版社、报社、政府单位、新技术教育领域等。</p><p>　　加拿大教师的平均薪水位居榜首</p><p><strong>　　3　最具潜力专业：酒店管理专业</strong></p><p>　　万达集团计划到2010年在中国投资建设20家以上的五星级酒店，投资规模达200亿元;很多城市声称要引进国际顶级品牌，大规模兴建豪华酒店。截至目前，我国在建或改建的五星级酒店高达1700余家。</p><p>　　中国酒店业中高层管理者外语水平普遍较低，拥有海外教育背景的国际型管理人才更属凤毛麟角。酒店管理的范围非常广泛，包括星级酒店管理、国际旅游商务管理、高级餐厅管理，以及近年来非常时髦的赌场管理、高尔夫球场管理、俱乐部和会所管理、会展管理等等。</p><p>　　收入情况：</p><p>　　Accommodation Senior Manager 41600</p><p>　　Conference &amp; Event Planner 39520</p><p>　　国内酒店中高层80-100万</p><p><strong>　　4　最高薪厚职专业：采矿工程专业</strong></p><p>　　加拿大是全球最大采矿国家之一，生产超过60种矿物金属。在采矿活动兴旺下，甚至需要招聘外劳填补空缺，据《麦克林》(Maclean‘s)杂\n志报道，目前采矿实习工程师起薪点年薪约6.5万元，当工作经验累积3至5年，薪酬会增至10万元左右。BC省东北部4个采矿工程计划未来数年便准备招揽\n多达2,000个中国劳工。事实上，目前采矿工程系毕业生就像天之骄子般，毕业即有高薪厚职等待。</p><p>　　100%就业专业：石油专业</p><p>　　<a href=\"http://ca.liuxue360.com/\" target=\"_blank\">加拿大</a>（<a href=\"http://ca.liuxue360.com/\" target=\"_blank\">http://ca.liuxue360.com/</a>）石油工程专业培养具备工程基础理论和石油工程专业知识，能在石油工程领域从事油气钻井工程、采油工程、油藏工程、储层评价等方面的工程设计、工程施工与管理、建筑工程、应用研究与科技开发等方面工作，获得石油工程师基本训练的高级专门技术人才。</p><p>　　石油作为一种重要的能源，可以说是现代经济的血液。我国是石油消费大国，同时又是世界排名第五的石油生产大国。与加拿大有很多合作项目。石油工\n业是一种基础工业，需要大量的技术人才。由于石油生产领域具有科技含量高、技术性强的特点。对掌握两国语言及文化的中国学生尤为青睐，就业发展空间广阔。\n目前，加拿大的石油专业毕业生就业率可达到100%。</p><p>　　石油工程专业主要到石油工程领域从事油气钻井与完井工程、采油工程、油藏工程、储层评价等方面的工程设计、工程施工与管理、应用研究与科技开发等方面的工作。</p><p>　　未来起薪：Petroleum Engineers 43.27 (90001.6)</p><p><strong>　　5　高产“公务员”专业：环境工程专业</strong></p><p>　　加拿大环境工程(Environmental \nEngineering)是一门综合性科学，内容主要涉及应用生物化学、生物学及化学的知识及技能，以测量、评估及改善各种环境问题。此外，环境工程亦提\n供能源学、气候、大气层和海洋学、自然灾害、环境污染、地质学、毒理学、仪器应用、生态学、废物处理、环境影响评估和资源及环境管理等科目。</p><p>　　随着世界各国人们环保意识的增强，环境相关专业在留学选择中脱颖而出。加拿大环境科学专业培养具备环境科学的基本理论、基本知识和基本技能，能在科研机构、高等学校、企事业单位及行政部门等从事科研、教学、环境保护和环境管理等工作的高级专门人才。</p><p><br/></p>','2015-08-16 11:53:28',0,0,1,'加拿大最热留学移民专业',66,NULL,'想通过加拿大移民<aclass=\"keywordslinks\"href=\"http://www.liuxue360.com/'),(69,'<p>乔丕忠，男，1968年9月出生，第五批国家中组部“千人计划”特聘专家入选者，教育部‘长江学者’特聘教授（水工结构工程）；美国土木工程协会会\n士(ASCE \nFellow)；上海交通大学“星河湾”讲席教授和固体力学团队学术带头人；美国华盛顿州立大学土木及环境工程系终身教授和杰出研究者；河海大学特聘教授\n（2007-2011）；美国集成智能结构公司的创始人；美国注册职业工程师和美国SECB注册结构工程师。现任美国土木工程协会（ASCE）航空航天部\n五名执行委员之一和秘书。ASCE高等材料和结构委员会主席；ASCE工程力学部稳定委员会主席；“结构健康监测”（Structural Health\n Monitoring）国际学报副主编、ASCE“工程力学学报”（ASCE Journal of Engineering \nMechanics）副主编、ASCE “航天航天工程学报”（ASCE Journal of Aerospace \nEngineering）副主编、和“水科学和水工程”国际学报执行副主编、同时还是“高等材料”（Journal of Advanced \nMaterials）、“灾变进展”（Disaster Advances）等多个国际学术杂志编委。</p><p>主要从事先进结构材料与力学的研究，尤其致力于复合和智能材料在航空航天、土木水利和生物医学工程中的研究、发展和应用。研究方向包括高等复合材料\n和结构（纤维增强聚合物（FRP））、智能材料、结构健康诊断、应用力学及分析力学（界面力学、振动及冲击力学、和断裂等）、混凝土及木结构特性，以及高\n性能和新材料在结构中的应用等。目前的研究工作主要集中在新材料和新结构的发展及应用，多尺度材料的耐久性和寿命预测分析，复合材料非线性和大变形分析，\n三维混合材料界面的断裂分析，集成智能结构及应用智能材料对结构进行健康检测，高性能混凝土，骨生物力学和骨移植材料等领域。其主要学术贡献包括对材料和\n结构的破坏、健康检测及加固等问题开展了国际上具有深远影响的独创性研究。首次提出双层梁剪切和界面变形理论（被波音公司命名为“乔方法（Qiao \nMethod）”），拓展了断裂力学的适用空间；创建了离散板理论及结构局部稳定显式解，已被美国航空业成功用于结构分析；研究了智能材料用于结构健康监\n测的关键性基础问题并发展了损伤识别的新理论与方法；提出了几种破坏模型，提升了复合材料对传统结构加固和修复的理论研究水平；建立了超高阶夹层结构受冲\n击理论，提高了结构冲击和防护分析精度；发展了新的疲劳和概率破坏模型，为结构安全及寿命预测提供了理论依据。</p><p>其学术期刊论文“被SCI收录有120多篇；被SCI引用有近1,200篇次（h-index = 20）；被EI收150多篇”；是ISI \nEssential Science \nIndicators（ESI）工程领域被高引用科学家之一（前1%的作者）。拥有一项美国专利局和两个非临时(正式)申请专利；近５年主持19项科研项\n目，经费达400多万美元。由于在复合材料断裂力学的贡献，获2007年美国土木工程学会“杰出科技贡献奖”。是首届ASCE Journal of \nComposites for Construction \n“最佳研究论文奖”的获得者。2007年因在复合材料的教学、研究和应用的突出贡献，入选ASCE会士（Fellow）。2011和2012年获华盛顿州\n立大学土木和环境工程系“杰出研究者”称号。因其对土木工程和航空航天结构高性能材料研发的贡献，2012年获华盛顿州立大学Anjan \nBose工程杰出研究者奖。在河海大学组建成立了“水工灾变力学和水工新材料”创新团队。</p><p><br/></p>','2015-08-16 11:54:13',0,0,0,'新西兰留学紧缺专业',66,NULL,'乔丕忠，男，1968年9月出生，第五批国家中组部“千人计划”特聘专家入选者，教育部‘长江学者’特聘教授（水工结构工程）；美国土木工程协会会士(ASCEFellow)；上海交通大学“星河湾”讲席教授和固体力学团队学术带头人；美国华盛顿州立大学土木及环境工程系终身教授和杰'),(70,'<p>节能环保产业，是指为节约资源、保护环境提供技术、装备和服务保障的产业，是先进制造业和生产服务业紧密结合并极具发展潜力的新兴产业。节能环保产\n业是跨行业、涵盖面宽的综合性产业，主要包括节能装备产品、环保装备产品、资源循环利用、节能服务和环保服务等领域。按照市委,市政府关于&quot;培育多元支柱\n产业&quot;的战略部署,为加快我市节能环保产业发展,特制定本规划。</p><p><strong>一、发展背景和现状</strong></p><p><strong>(一)国际国内环保产业发展背景</strong></p><p>国\n际环保产业发展背景。发达国家的环保产业兴起于70年代，经过几十年的努力，环保产业开始进入技术成熟期，在国民经济中所占的份额不断上升，正逐步成为全\n球支柱产业。统计表明，1992年全球的环保产业市场经济规模为2500亿美元，1998年为4500亿美元，2000年猛增至6000亿美元，年均增长\n率近8%，其中亚太地区的市场占1/10左右。以环保设备和产品生产为例，1992年全球环保设备需求为2950亿美元，1997年达4260亿美元，年\n增长率达7.6%，高于世界银行预测的未来10年国际贸易6%的增长率。发展环保产业己成为许多国家调整经济结构、促进经济增长的最重要措施。发达国家纷\n纷采取措施，鼓励环保技术出口。全球产业结构调整，出现了资源利用合理化、废物产生减量化、对环境无污染和少污染的发展趋势。除了环保设备生产部门外，各\n行各业都加强了节能防污的设计开发工作，环保信息、环保咨询等一批新兴产业也应运而生。这种发展取向，决定了环保产业具有广阔的发展前景和巨大的市场需\n求，带来环保产业的兴旺。预计2010年后国际环保产业的市场需求可超过18000亿美元。</p><p>国内环保产业发展背景。“十一五”以来，党中央\n提出转变经济发展方式，全面落实科学发展观，建设生态文明，构建资源节约型和环境友好型社会，国民经济的环境属性成为建设和谐社会的重要内容，环境保护被\n提升到了更加突出的位置。环境保护措施和力度的不断加强，极大地促进了环保产业的发展。环保产业是环境保护的物质基础和技术装备保障，也是扩内需、保增\n长、调结构的重要方面。</p><p><strong>(二)兰州市节能环保产业现状及存在问题</strong></p><p><strong>1、节能环保产业现状</strong></p><p>“十\n一五”规划以来,我市坚持实施可持续发展战略,落实环境保护基本国策,以经济建设为中心,以改善环境质量、保护人民群众身体健康为目标,以市区大气污染综\n合整治和黄河兰州段水污染防治为重点,坚持污染防治和生态保护并重,实施主要污染物排放总量控制,强化城市环境综合整治,加强环境管理能力建设,全面促进\n了环境与经济、社会的协调发展。在全市国民经济快速、持续增长的情况下,环境污染得到基本控制,主要污染物排放总量不断下降,生态环境恶化的趋势得到初步\n遏制,环境基础设施进一步完善,环境质量有所改善,为我市创建国家环保模范城市奠定了良好的基础。</p><p>近两年在城市建设进程中，兰州市把节能环\n保产业视为新的经济增长点并从产业结构、体制建设、基础设施、区级经济等方面，进行了全面安排，加快经济结构战略调整，促进经济结构创新。节能环保产业被\n列入兰州“十五”规划的五大基础产业之一，兰州的节能环保产业有了长足的发展，并在全国环保产业中占有一席之地，形成了一批重点发展的龙头企业，如：兰州\n节能环保工程有限责任公司、兰州餐厨垃圾处理厂、兰州卫康生物技术开发有限公司、兰州电力修造厂、甘肃金桥水科技集团、兰州鹏飞保温隔热有限公司;开发了\n一批重点技术产品，如：板式降膜蒸发器、餐饮垃圾处理技术、生物农药、电除尘器、锅炉软化、水处理配件、污水处理设备、泡沫玻璃等。兰州节能环保产业发展\n领域不断拓宽，一批重点技术装备项目为国家重点工程配套，市场前景看好。</p><p>兰州市现有环保节能企业超过200家，涵盖了工业节能(电机系统、\n动力设备、变频调速技术、余热、余压利用、工业燃煤锅炉节能、蒸汽回收)，交通节能(新型混合燃料动力汽车、液压混合动力汽车、新能源汽车、电动车、节能\n型交通标志信号装置、节油剂、节油器),商业及民用节能(节能照明、节能家用电器系列、节能厨房设备系列产品),绿色能源节能(沼气使用技术与设备，秸杆\n气化发电技术，农业机械节能技术与产品，畜禽养殖节能技术，新型省柴节煤灶，能源作物种植推广技术，生态型畜牧业技术)供热与暖通空调节能;建筑节能(建\n筑节能示范工程项目展示、新技术、新材料)等。这骄人成绩的取得有赖于兰州市政府大好政策的引导，大量环保节能资金的扶持，有赖于各节能环保企业对政策的\n积极响应，对企业自身的合理管理，对自身研发技术以及核心竞争力的不断培育。</p><p>(1)“十一五”期间,兰州市规划实施一批环境保护重点项目，共4大类，总投资额约87.5767亿元。具体项目如下：</p><p>①工业污染防治重点项目：主要处理工业中所产生的三废(废水、废气、废渣)及对其的综合利用，例如，兰州新西部维尼纶有限公司废水处理及资源化工程、兰州石化公司化肥厂锅炉<a href=\"http://huanbao.bjx.com.cn/zt.asp?topic=%d1%cc%c6%f8%cd%d1%c1%f2\" title=\"烟气脱硫新闻专题\">烟气脱硫</a>、兰州石化公司碱渣综合处理等。</p><p>②燃煤电厂脱硫工程重点项目：主要减少燃煤电厂对含硫气体的排放，例如，国电兰州热电有限责任公司、大唐兰西热电有限责任公司、甘肃大唐国际连城发电有限责任公司。</p><p>③城市基础设施建设治重点项目：主要是对兰州市污水和生活建筑垃圾的处理，例如，七里河安宁污水处理厂20万吨/日污水处理工程、西固区安宁区生活垃圾填埋场、城关区建筑垃圾填埋场。</p><p>④环境监管能力建设重点项目：例如，兰州市环境监测站二级站达标建设、兰州市环境监理机构标准化建设、114家企业污染源在线监控。</p><p><br/></p>','2015-08-16 11:55:14',0,0,3,'甘肃兰州节能环保产业发展规划',66,NULL,'节能环保产业，是指为节约资源、保护环境提供技术、装备和服务保障的产业，是先进制造业和生产服务业紧密结合并极具发展潜力的新兴产业。节能环保产业是跨行业、涵盖面宽的综合性产业，主要包括节能装备产品、环保装备产品、资源循环利用、节能服务和环保服务等领域。按照市委,市政府关于&q'),(71,'<p>蓬溪把生态环境工程作为十大民生工程</p><p>　　生态环境与人们的生活息息相关，今年，蓬溪县继续把生态环境工程作为十大民生工程的重要内容强力推进，围绕“生态育县”加快实施天然林保护、退\n耕还林、耕地质量建设，并严格执行“金土地”工程项目承担单位准入制度等多项举措，使全县生态环境质量得到持续改善，百姓生活环境日新月异。</p><p><br/></p>','2015-08-16 11:55:39',0,0,2,'蓬溪把生态环境工程作为十大民生工程',66,NULL,'蓬溪把生态环境工程作为十大民生工程　　生态环境与人们的生活息息相关，今年，蓬溪县继续把生态环境工程作为十大民生工程的重要内容强力推进，围绕“生态育县”加快实施天然林保护、退耕还林、耕地质量建设，并严格执行“金土地”工程项目承担单位准入制度等多项举措，使全县生'),(72,'<p>最近几年，受国家提倡，及媒体宣传等多方面影响，保护环境几乎一夜之间成为当今社会最关注的热门话题之一，让以前常备忽视的环境工程专业也热门起来，无论是高考报考，还是考研，环境工程都是既时髦又受关注的专业，但考研辅导专家认为被炒热与就业热是两码事。</p><p>　　由于环境类专业自身的专业性很强，对学生的专业技能要求也比较高，用人单位对毕业生的能力资格非常看重，没有经验的毕业生几乎很难吸引环保公司\n的注意。还有一个重要，国家虽然这些年对环境保护比较重视，但更多的只是在口头方面，具体对环保工程的投入及相关企业的扶持却并不大，这也导致此类专业学\n生就业渠道的狭窄。环境类专业的毕业生更多的选择就是考公务员，且只有一个部门——环保局。但环保局一年也不可能招很多人，名额有限，竞争可想而知。</p><p>　　但中公考研辅导专家认为，虽然环境工程专业暂时难就业，且要求高，但我们可以通过考取“室内环境检测中级证书”、“环境工程设计证书”等相关的证书来为自己加分，有时用人单位也会考虑。</p><table cellpadding=\"0\" cellspacing=\"0\" width=\"650\"><tbody>\n	<tr class=\"firstRow\">\n	<td bgcolor=\"#FFFFCC\" valign=\"top\" width=\"146\" align=\"left\">\n	<p style=\"text-align: center;\"><a href=\"http://www.kaoyan365.cn/zexiao/38131.html\" target=\"_blank\"><span style=\"color: rgb(0, 0, 0);\">吃“青春饭”的职业</span></a></p>\n	</td>\n	<td bgcolor=\"#FFCCCC\" valign=\"top\" width=\"144\" align=\"left\">\n	<p style=\"text-align: center;\"><a href=\"http://www.kaoyan365.cn/zexiao/38156.html\" target=\"_blank\"><span style=\"color: rgb(0, 0, 0);\">国家大力扶持的行业</span></a></p>\n	</td>\n	<td bgcolor=\"#D7EBF4\" valign=\"top\" width=\"169\" align=\"left\">\n	<p style=\"text-align: center;\"><a href=\"http://www.kaoyan365.cn/zexiao/38572.html\" target=\"_blank\"><span style=\"color: rgb(0, 0, 0);\">考研强度比较大的专业</span></a></p>\n	</td>\n	<td bgcolor=\"#D8F5D6\" valign=\"top\" width=\"181\" align=\"left\">\n	<p style=\"text-align: center;\"><a href=\"http://www.kaoyan365.cn/zexiao/38571.html\" target=\"_blank\"><span style=\"color: rgb(0, 0, 0);\">就业前景被看好的专业</span></a></p>\n	</td>\n	</tr>\n	<tr>\n	<td bgcolor=\"#FFFFCC\" valign=\"top\" width=\"146\" align=\"left\">\n	<p style=\"text-align: center;\"><a href=\"http://www.kaoyan365.cn/zexiao/38111.html\" target=\"_blank\"><span style=\"color: rgb(0, 0, 0);\">“老来吃香”的职业</span></a></p>\n	</td>\n	<td bgcolor=\"#FFCCCC\" valign=\"top\" width=\"144\" align=\"left\">\n	<p style=\"text-align: center;\"><a href=\"http://www.kaoyan365.cn/zexiao/38364.html\" target=\"_blank\"><span style=\"color: rgb(0, 0, 0);\">理工女生报考的专业</span></a></p>\n	</td>\n	<td bgcolor=\"#D7EBF4\" valign=\"top\" width=\"169\" align=\"left\">\n	<p style=\"text-align: center;\"><a href=\"http://www.kaoyan365.cn/zexiao/38736.html\" target=\"_blank\"><span style=\"color: rgb(0, 0, 0);\">女生易就业的考研专业</span></a></p>\n	</td>\n	<td bgcolor=\"#D8F5D6\" valign=\"top\" width=\"181\" align=\"left\">\n	<p style=\"text-align: center;\"><a href=\"http://www.kaoyan365.cn/zexiao/38872.html\" target=\"_blank\"><span style=\"color: rgb(0, 0, 0);\">考研后适合考公务员的专业</span></a></p>\n	</td>\n	</tr>\n	<tr>\n	<td bgcolor=\"#FFFFCC\" valign=\"top\" width=\"146\" align=\"left\">\n	<p style=\"text-align: center;\"><a href=\"http://www.kaoyan365.cn/zexiao/36057.html\" target=\"_blank\"><span style=\"color: rgb(0, 0, 0);\">能PK清华北大专业</span></a></p>\n	</td>\n	<td bgcolor=\"#FFCCCC\" valign=\"top\" width=\"144\" align=\"left\">\n	<p style=\"text-align: center;\"><a href=\"http://www.kaoyan365.cn/zexiao/38017.html\" target=\"_blank\"><span style=\"color: rgb(0, 0, 0);\">未来10年最赚钱职业</span></a></p>\n	</td>\n	<td colspan=\"2\" bgcolor=\"#FF8080\" valign=\"top\" align=\"left\">\n	<p style=\"text-align: center;\"><a href=\"http://www.kaoyan365.cn/zexiao/\" target=\"_blank\"><span style=\"color: rgb(0, 0, 0);\">更多热门专业&gt;&gt;&gt;&gt;&gt;&gt;</span></a></p>\n	</td>\n	</tr></tbody></table><p>　　<a href=\"http://www.kaoyan365.cn/\" target=\"_blank\" class=\"keylink\">2016年考研</a>复习即将进入暑期强化阶段，希望考生能够抓住假期，高效备考。中公考研特为广大学子推出2016考研<a href=\"http://mg.kaoyan365.cn/bannian/\" target=\"_blank\"><span style=\"color: rgb(255, 0, 0);\">半年集训</span></a><span style=\"color: rgb(255, 0, 0);\">、</span><a href=\"http://mg.kaoyan365.cn/shuqi/\" target=\"_blank\"><span style=\"color: rgb(255, 0, 0);\">暑期集训</span></a><span style=\"color: rgb(255, 0, 0);\">、</span><a href=\"http://e.kaoyan365.cn/\" target=\"_blank\"><span style=\"color: rgb(255, 0, 0);\">精品网课</span></a><span style=\"color: rgb(255, 0, 0);\">、</span><a href=\"http://vip.kaoyan365.cn/\" target=\"_blank\"><span style=\"color: rgb(255, 0, 0);\">vip1对1</span></a>、系列备考专题，针对每一个科目要点进行深入的指导分析，欢迎各位考生了解咨询。同时，中公考研还推出了<a href=\"http://z.kaoyan365.cn/\" target=\"_blank\"><span style=\"color: rgb(255, 0, 0);\">考研直播课堂</span></a>，足不出户就可以边听课边学习，为大家的强化复习助力！</p><p><br/></p>','2015-08-16 11:56:37',0,0,0,'云南省评估中心开展环评“互联网+”大数据专题培训',66,NULL,'最近几年，受国家提倡，及媒体宣传等多方面影响，保护环境几乎一夜之间成为当今社会最关注的热门话题之一，让以前常备忽视的环境工程专业也热门起来，无论是高考报考，还是考研，环境工程都是既时髦又受关注的专业，但考研辅导专家认为被炒热与就业热是两码事。　　由于环境类专业'),(73,'<p>公告编号：2015-001 &nbsp; &nbsp;证券代码： 833347 证券简称： 三元环境 主办券商：第一创业证券 &nbsp; &nbsp;四川三元环境治理股份有限公司 &nbsp;\n &nbsp;第一届董事会第三次会议决议公告 &nbsp; &nbsp;\n本公司及董事会全体成员保证公告内容的真实、准确和完整，没有虚假记载、误导性陈述或者重大遗漏，并对其内容的真实性、准确性和完整性承担相应法律责任。\n &nbsp; <br/></p><p>&nbsp;&nbsp;&nbsp;&nbsp;&nbsp;&nbsp;&nbsp;&nbsp;&nbsp;一、会议召开情况： &nbsp; &nbsp;四川三元环境治理股份有限公司(以下简称“公司”)第一届 &nbsp; &nbsp;董事会第三次会议于 2015年 8月 \n13日在四川省成都市四川三元环 &nbsp; &nbsp;境治理股份有限公司会议室召开。会议通知已于 2015年 8月 \n3日以专人送达方式通知各位董事。会议应出席董事 5人，实际出席董事 &nbsp; &nbsp;\n5人，会议由董事长滕德海先生主持。公司高管和信息披露负责人列席了会议。本次会议的召开符合《公司法》和《公司章程》的有关规定。 &nbsp; &nbsp; <br/></p><p>&nbsp;&nbsp;&nbsp;&nbsp;&nbsp;&nbsp;&nbsp;&nbsp;二、会议表决情况 &nbsp; &nbsp;会议以现场投票表决方式审议通过了如下议案： &nbsp; &nbsp;(一)、通过《关于公司章程修正案的议案》 &nbsp; &nbsp;表决结果：同意 \n5票；反对 0 票；弃权 0票。 &nbsp;&nbsp;&nbsp;</p><p><br/></p><p>同意将《公司章程》第二章第十二条内容修正为：经依法登记，公司的经营范围：“噪音污染治理服务、隔声工程服务、工程防声设施施工、噪声污染监测服务、环\n境工程专项设计服务、工程技术公告编号：2015-001 &nbsp; &nbsp;\n咨询服务、机电设备安装服务、钢结构工程及设计、商品批发与零售、进出口业、施工劳务作业”。 (以上经营范围用语不规范的，以工商核准登记的为准。) \n &nbsp; (二)、通过《关于召开 2015年第一次临时股东大会的议案》 &nbsp; &nbsp;表决结果：同意 5票；反对 0 票；弃权 0票。 &nbsp; &nbsp;同意于 \n2015年 8月 28日召开四川三元环境治理股份有限公司2015年第一次临时股东大会，审议《关于审议&lt;公司章程修正案&gt;的议案》。 &nbsp;\n &nbsp;三、备查文件《四川三元环境治理股份有限公司第一届董事会第三次会议决议》特此公告 &nbsp; &nbsp;四川三元环境治理股份有限公司董事会 &nbsp; &nbsp;\n二〇一五年八月十三日 \n &nbsp; &nbsp; &nbsp; &nbsp; &nbsp; &nbsp;</p>','2015-08-16 11:57:44',0,0,0,'三元环境第一届董事会第三次会议决议公告',66,NULL,'公告编号：2015-001&nbsp;&nbsp;证券代码：833347证券简称：三元环境主办券商：第一创业证券&nbsp;&nbsp;四川三元环境治理股份有限公司&nbsp;&nbsp;第一届董事会第三次会议决议公告&nbsp;&nbsp;本公'),(74,'<p><br/>卧龙岗大学的毕业生受到全球雇主的高度认可。卧龙岗大学连续5年被评为QS世界大学排名毕业生雇主评价前100强。这充分体现了全球雇主对卧龙岗大学毕业生的高度认可。</p><p>\n	　　<strong>教学表现第一</strong></p><p>\n	　　在2011年，<a _ewebeditor_ta_href=\"http%3A%2F%2Fwww.uowedu.com%2F\" href=\"http://www.uowedu.com/\">卧龙岗大学</a>（<a _ewebeditor_ta_href=\"http%3A%2F%2Fwww.uowedu.com%2F\" href=\"http://www.uowedu.com/\">http://www.uowedu.com/</a>）是澳大利亚唯一一所被澳大利亚教学委员会授予最多10个参考文献的大学。这也是卧龙岗大学连续3年被评为澳大利亚前五名。同时，在2008年澳大利亚教学表现基金拨款中，卧龙岗大学是仅有的两所大学之一在所有的学科都获得了最高等级。</p><p>\n	　　<strong>学生满意度第一名</strong></p><p>\n	　　UOW在独立机构Sweeney研究集团的2009年《大学学生报告》中，被评为澳大利亚大学学生满意度第一名。在此项报告中，学生们是根据他们能够融入校园生活的机会评价其所在大学的。</p><p style=\"text-align: center;\">\n	<img _ewebeditor_ta_src=\"http%3A%2F%2Fimage.eduau.com%2F2014%2F07%2F20140707205506268.jpg\" alt=\"卧龙岗大学\" src=\"/ueditor/jsp/upload/image/20150816/1439697527146064730.jpg\" style=\"margin: 0px auto; display: block; filter: ;\" border=\"0\"/></p><p>\n	　　<strong>工程学士（环境工程方向）专业描述</strong></p><p>\n	　　环境工程师的任务是运用自然科学和工程学的可持续发展的理念找到解决紧迫的环境问题。<a _ewebeditor_ta_href=\"http%3A%2F%2Fwww.eduau.com%2F\" href=\"http://www.eduau.com/\" target=\"_blank\">360教育集团澳洲部</a>（<a _ewebeditor_ta_href=\"http%3A%2F%2Fwww.eduau.com%2F\" href=\"http://www.eduau.com/\">http://www.eduau.com/</a>）说明到在一个跨学科的工作环境，他们设计、构建、评价、监督和管理主要项目，包括提供饮用水、水处理和回收利用、废弃物处理、人工湿地，修复污染场地、空气和噪音污染和控制。</p><p>\n	　　<strong>就业方向</strong></p><p>\n	　　毕业生就业市场广阔，可在与环境保护有关的领域工作，如项目的计划编制、设计和管理；通讯工程；政府机构的道路建设，自然资源和矿产，环境保护机构等部门；咨询工程公司；矿业，石油，冶金和制造业和科研机构。</p><p>\n	　　<strong>入学要求</strong></p><p>\n	　　<strong>学历要求：</strong></p><p>\n	　　1、成功完成中国高中并成绩优异，或高考成绩优异；或</p><p>\n	　　2、成功完成卧龙岗大学认可的预科课程并达到要求的分数；</p><p>\n	　　3、个别课程需要提供额外的支持材料，或满足特定的课程要求。</p><p>\n	　　<strong>语言要求：</strong></p><p>\n	　　1、雅思6.0，阅读和写作不低于6.0，听力和口语不低于5.0，或；</p><p>\n	　　2、新托付79分，阅读不低于18分，写作不低于20分，听力不低于17分，口语不低于16分。</p><p>\n	　　3、学校提供双录取。</p><p><br/></p>','2015-08-16 11:58:48',0,0,2,'澳洲卧龙岗大学环境工程学士专业入学申请要求详解',66,NULL,'卧龙岗大学的毕业生受到全球雇主的高度认可。卧龙岗大学连续5年被评为QS世界大学排名毕业生雇主评价前100强。这充分体现了全球雇主对卧龙岗大学毕业生的高度认可。　　教学表现第一　　在2011年，<'),(75,'<p>附件管理附件管理附件管理附件管理附件管理附件管理附件管理</p>','2015-08-18 18:45:17',0,0,0,'yellowcong',NULL,NULL,'附件管理附件管理附件管理附件管理附件管理附件管理附件管理'),(76,'<p>奉瓦饿啊奉瓦饿啊奉瓦饿啊附件测试</p><p>奉瓦饿啊奉瓦饿啊奉瓦饿啊附件测试</p><p>奉瓦饿啊奉瓦饿啊奉瓦饿啊附件测试</p><p>奉瓦饿啊奉瓦饿啊奉瓦饿啊附件测试</p><p>奉瓦饿啊奉瓦饿啊奉瓦饿啊附件测试</p><p><br/></p>','2015-08-18 18:53:07',0,0,0,'附件测试',44,NULL,'奉瓦饿啊奉瓦饿啊奉瓦饿啊附件测试奉瓦饿啊奉瓦饿啊奉瓦饿啊附件测试奉瓦饿啊奉瓦饿啊奉瓦饿啊附件测试奉瓦饿啊奉瓦饿啊奉瓦饿啊附件测试奉瓦饿啊奉瓦饿啊奉瓦饿啊附件测试'),(78,'<p>费大幅阿发短发费大幅阿发短发费大幅阿发短发费大幅阿发短发费大幅阿发短发费大幅阿发短发费大幅阿发短发费大幅阿发短发费大幅阿发短发费大幅阿发短发费大幅阿发短发</p><p><br/></p><p><br/></p><p>费大幅阿发短发费大幅阿发短发费大幅阿发短发费大幅阿发短发费大幅阿发短发</p><p><br/></p><p>费大幅阿发短发费大幅阿发短发费大幅阿发短发</p>','2015-08-18 19:11:01',0,0,0,'费大幅',34,7,'费大幅阿发短发费大幅阿发短发费大幅阿发短发费大幅阿发短发费大幅阿发短发费大幅阿发短发费大幅阿发短发费大幅阿发短发费大幅阿发短发费大幅阿发短发费大幅阿发短发费大幅阿发短发费大幅阿发短发费大幅阿发短发费大幅阿发短发费'),(79,'<p>费大幅a费大幅a费大幅a费大幅a费大幅a费大幅a</p><p>费大幅a费大幅a费大幅a费大幅a费大幅a</p><p><br/></p><p>费大幅a</p>','2015-08-18 19:12:23',0,0,0,'凡达发fdaf 啊',34,NULL,'费大幅a费大幅a费大幅a费大幅a费大幅a费大幅a费大幅a费大幅a费大幅a费大幅a费大幅a费大幅a'),(80,'<p>附件测试附件测试附件测试附件测试附件测试附件测试</p><p>附件测试附件测试附件测试附件测试</p><p>附件测试附件测试附件测试</p><p>附件测试附件测试</p><p>附件测试</p><p><br/></p><p>附件测试</p>','2015-08-18 19:17:05',0,0,0,'附件测试附件测试',35,NULL,'附件测试附件测试附件测试附件测试附件测试附件测试附件测试附件测试附件测试附件测试附件测试附件测试附件测试附件测试附件测试附件测试附件测试'),(81,'<p>俄武器俄武器俄武器俄武器俄武器</p><p>俄武器俄武器俄武器俄武器</p><p>俄武器俄武器俄武器俄武器</p><p>俄武器俄武器</p>','2015-08-18 19:22:57',0,0,0,'额外全额',35,7,'俄武器俄武器俄武器俄武器俄武器俄武器俄武器俄武器俄武器俄武器俄武器俄武器俄武器俄武器俄武器'),(82,'<p>发大水发大水发大水</p>','2015-08-18 19:23:16',0,0,0,'蛋疼蛋疼',39,7,'发大水发大水发大水'),(83,'<p>发发发大幅发地方费大幅发大水<br/></p>','2015-08-18 19:25:09',0,0,0,'附件测试 ',35,7,'发发发大幅发地方费大幅发大水'),(84,'<p>费大幅<br/></p>','2015-08-18 19:37:43',1,0,0,'大水法',34,7,'费大幅'),(85,'<p>fdafafadffdafafadffdafafadffdafafadffdafafadffdafafadffdafafadf</p>','2015-08-19 09:25:14',0,0,0,'fdasfafafd',47,7,'fdafafadffdafafadffdafafadffdafafadffdafafadffdafafadffdafafadf'),(86,'<p>FDAFFAFAFDFDAFFAFAFDFDAFFAFAFDFDAFFAFAFDFDAFFAFAFDFDAFFAFAFD</p>','2015-08-19 09:26:25',1,0,0,'ewDWAFAFAF',34,7,'FDAFFAFAFDFDAFFAFAFDFDAFFAFAFDFDAFFAFAFDFDAFFAFAFDFDAFFAFAFD'),(87,'<p>环境工程（本科四年）<br/>&nbsp;&nbsp;&nbsp;&nbsp;&nbsp; 环境工程专业始建于2001年，是黑龙江科技大学的重点专业。现有专业教师12人，其中教授4人，副教授3人，博士学历教师8人，团队学历结构合理，教学科研能力强，为校优秀教学团队。<br/>&nbsp;&nbsp;&nbsp;&nbsp;&nbsp; 该专业培养具有可持续发展理念，具备水、气、声、固体废物等污染防治工程领域的基础知识、具备环境评价、环境规划和资源保护等方面的知识，具有环境工程方\n面的新理论、新工艺和新设备的研究开发能力、工程设计等方面能力，以及开展环评、制定环境规划和进行环境管理的应用型高级专门人才。<br/>学生毕业后能在环保部门、规划部门、经济管理部门、设计单位、工矿企业、科研单位、学校等从事规划、设计、环评、管理、教育和研究开发方面工作，市场需求量大，且呈逐年上升趋势，毕业生随着工作年限及经验的增长，薪酬提升水平显著。<br/>&nbsp;&nbsp;&nbsp;&nbsp;&nbsp; 该专业坚持以服务地方经济为依托，形成了污水处理与资源化、矿区大气污染治理、矿区循环经济、环境评价等稳定的研究方向。近年来发表论文80余篇，其中\nSCI、EI、ISTP检索论文20篇，承担科研项目27项，获省部级科技成果奖6项、市科技成果奖励2项，完成科研经费1000余万元。<br/>该专业目前拥有5个专业实验室；建设有17个稳定的校内外实习基地，2个校外素质教育基地，对学生实践能力和创新能力的培养形成重要支撑。<br/>&nbsp;&nbsp;&nbsp;&nbsp;&nbsp; 毕业生连续多年就业率96％以上，考研率20％以上，其中考入985、211学校的学生达60%；毕业生遍及全国各地，以踏实肯干、动手能力强而深受用人单位的好评。<br/>典型就业单位：国家环境保护科学研究院、沈阳环科院、哈尔滨给排水集团、龙煤设计院、哈尔滨煤炭设计院、北京市政建筑公司及各地市环保局、中石油、中国黄\n金集团、神华集团、雨润集团、伊利集团等大型企业。考取研究生的典型院校：哈尔滨工业大学、浙江大学、大连理工大学、中国矿业大学、北京理工大学、北京科\n技大学、东华大学、西安建筑大学等。<br/></p><p>专业咨询电话（战老师）：0451-8803611</p>','2015-09-12 22:20:51',1,0,0,'学院发展',110,NULL,'环境工程（本科四年）&nbsp;&nbsp;&nbsp;&nbsp;&nbsp;环境工程专业始建于2001年，是黑龙江科技大学的重点专业。现有专业教师12人，其中教授4人，副教授3人，博士学历教师8人，团队学历结构合理，教学科研能力强，为校优秀教学团队。<br/'),(88,'<p style=\";text-indent: 32px;line-height: 150%\"><span style=\"font-size: 16px;line-height: 150%;font-family: 楷体_GB2312\">水污染控制工程是环境工程专业的重要主干课程之一，主要分为</span><span style=\"font-size: 16px;line-height: 150%;font-family: 宋体\">“</span><span style=\"font-size: 16px;line-height: 150%;font-family: 楷体_GB2312\">排水沟道系统</span><span style=\"font-size: 16px;line-height: 150%;font-family: 宋体\">”</span><span style=\"font-size: 16px;line-height: 150%;font-family: 楷体_GB2312\">和</span><span style=\"font-size: 16px;line-height: 150%;font-family: 宋体\">“</span><span style=\"font-size: 16px;line-height: 150%;font-family: 楷体_GB2312\">污水处理</span><span style=\"font-size: 16px;line-height: 150%;font-family: 宋体\">”</span><span style=\"font-size: 16px;line-height: 150%;font-family: 楷体_GB2312\">两大部分。</span><span style=\"font-size: 16px;line-height: 150%;font-family: 宋体\">“</span><span style=\"font-size: 16px;line-height: 150%;font-family: 楷体_GB2312\">排水沟道系统</span><span style=\"font-size: 16px;line-height: 150%;font-family: 宋体\">”</span><span style=\"font-size: 16px;line-height: 150%;font-family: 楷体_GB2312\">详细介绍污水沟道系统﹑雨水沟道系统和合流制沟道系统规划设计的基本理论﹑基本知识和基本方法；</span><span style=\"font-size: 16px;line-height: 150%;font-family: 宋体\">“</span><span style=\"font-size: 16px;line-height: 150%;font-family: 楷体_GB2312\">污水的物理及生物处理</span><span style=\"font-size: 16px;line-height: 150%;font-family: 宋体\">”</span><span style=\"font-size: 16px;line-height: 150%;font-family: 楷体_GB2312\">介绍污水处理中最常用的物理、生物、化学、物理化学处理方法。水污染控制工程课程教学内容包括理论教学、实验教学、课程设计等教学环节，教学环节齐全、工程实践性强。</span></p><p style=\";line-height: 150%\"><strong><span style=\"font-size: 16px;line-height: 150%;font-family: 楷体_GB2312\">一、教学内容</span></strong></p><p style=\";line-height: 150%\"><span style=\"font-size: 12px;line-height: 150%;font-family: 楷体_GB2312\">A.</span><span style=\"font-size: 12px;line-height: 150%;font-family: 楷体_GB2312\">理论教学</span></p><p style=\";text-indent: 24px;line-height: 150%\"><span style=\"font-size: 12px;line-height: 150%;font-family: 楷体_GB2312\">本课程以高等教育出版社高廷耀等主编的普通高等教育“十一五”国家级规划教材《水污染控制工程》（上、下）为教材，分两学期授课，共96个学时6学 分。教学内容包括排水管渠系统水力计算，排水泵站设计，污水与雨水管渠设计，排水管渠施工、管理和维护，城镇排水工程规划，污水的物理处理、生物处理，稳 定塘和污水的土地处理，污水的化学处理、物化处理，城市污水的深度处理，小型污水处理设施，污泥的处理和处置，污水处理厂的设计等。理论课程以课堂教学为 主，每学期安排2-3次习题课或讨论课，安排固定地点、固定时间给学生辅导答疑。</span></p><p style=\";line-height: 150%\"><span style=\"font-size: 12px;line-height: 150%;font-family: 楷体_GB2312\">B.</span><span style=\"font-size: 12px;line-height: 150%;font-family: 楷体_GB2312\">实验教学</span></p><p style=\";text-indent: 32px;line-height: 150%\"><span style=\"font-size: 16px;line-height: 150%;font-family: 楷体_GB2312\">本课程实验内容涵盖在环境工程专业实验（单独设课，40学时，2学分）课程中，安排在第七学期集中进行。实验4人一套装置。实验前必须经过预习，必须带预习报告才能做实验。实验中,要求学生密切配合,相互协作,一丝不苟。实验成绩有平时成绩、实验报告成绩、实验理论考试成绩三部分组成。与本课程相关的实验项目有：废水曝气沉淀实验；废水絮凝实验；废水可生化性实验；废水厌氧生物处理法实验；废水好氧生物处理法实验等。</span></p><p style=\";line-height: 150%\"><span style=\"font-size: 12px;line-height: 150%;font-family: 楷体_GB2312\">C.</span><span style=\"font-size: 12px;line-height: 150%;font-family: 楷体_GB2312\">课程设计</span></p><p style=\";text-indent: 24px;line-height: 150%\"><span style=\"font-size: 12px;line-height: 150%;font-family: 楷体_GB2312\">水污染控制工程课程设计安排在理论课结束之后进行，时间2周，每人1题，独立完成。成绩由平时表现、集中答辩、设计说明书和图纸等组成。</span></p><p style=\";line-height: 150%\"><strong><span style=\"font-size: 16px;line-height: 150%;font-family: 楷体_GB2312\">二、教学条件</span></strong></p><p style=\";line-height: 150%\"><span style=\"font-size: 16px;line-height: 150%;font-family: 楷体_GB2312\">A.</span><span style=\"font-size: 16px;line-height: 150%;font-family: 楷体_GB2312\">教材</span></p><p style=\";text-indent: 32px;line-height: 150%\"><span style=\"font-size: 16px;line-height: 150%;font-family: 楷体_GB2312\">理论课采用普通高等教育“十一五”国家级规划教材，实验课采用我院教师编写的“21世纪应用型高等院校示范性实验教材”，课程设计使用自编课程设计指导书。</span></p><p style=\";line-height: 150%\"><span style=\"font-size: 12px;line-height: 150%;font-family: 楷体_GB2312\">B.</span><span style=\"font-size: 12px;line-height: 150%;font-family: 楷体_GB2312\">实验教学条件</span></p><p style=\";text-indent: 24px;line-height: 150%\"><span style=\"font-size: 12px;line-height: 150%;font-family: 楷体_GB2312\">环境工程实验室现有实验面积200多平方米，实验室资产100多 万元，实验仪器设备包括：原子吸收分光光度计等监测分析仪器、微生物培养等仪器设备、废水曝气沉淀实验装置；废水絮凝实验装置；废水可生化性实验装置；废 水厌氧生物处理法实验装置；废水好氧生物处理法实验装置等。环境工程实验室在培养本专业学生的实践动手能力方面发挥了重要的作用。</span></p><p style=\";line-height: 150%\"><span style=\"font-size: 12px;line-height: 150%;font-family: 楷体_GB2312\">C.</span><span style=\"font-size: 12px;line-height: 150%;font-family: 楷体_GB2312\">网络教学环境</span></p><p style=\";text-indent: 24px;line-height: 150%\"><span style=\"font-size: 12px;line-height: 150%;font-family: 楷体_GB2312\">水 污染控制工程网络教学资源库的建立，为学生提供了多视角、多环节、多种媒体的学习内容和形式，提高了学生的学习兴趣和自主学习的能力。目前已建立起内容丰 富的网络教学资源库，包括理论教学和各项实践教学的多媒体，内容包括：网络课件、电子教案、素材库、课程习题、辅导答疑等。</span></p><p style=\";line-height: 150%\"><strong><span style=\"font-size: 12px;line-height: 150%;font-family: 楷体_GB2312\">三、教学方法与手段</span></strong></p><p style=\";text-indent: 24px;line-height: 150%\"><span style=\"font-size: 12px;line-height: 150%;font-family: 楷体_GB2312\">为了提高教学效率，扩大学生的视野，增加老师与学生的交流，激发他们学习本课程的兴趣，本课程组教师都能积极主动地探索使用现代化教学手段及计算机辅助教学。具体情况如下：</span></p><p style=\";line-height: 150%\"><span style=\"font-size: 12px;line-height: 150%;font-family: 楷体_GB2312\">A.</span><span style=\"font-size: 12px;line-height: 150%;font-family: 楷体_GB2312\">案例教学与现场参观</span></p><p style=\";text-indent: 24px;line-height: 150%\"><span style=\"font-size: 12px;line-height: 150%;font-family: 楷体_GB2312\">采用案例教学法，将教师的科研实践与最新科研成果及时充实到课堂教学当中，结合课程教学和专业实习，建立实习实践基地，带领学生参观与水污染控制工程相关的典型工艺流程与工程设施，收到了良好的教学效果。</span></p><p style=\";line-height: 150%\"><span style=\"font-size: 12px;line-height: 150%;font-family: 楷体_GB2312\">B.</span><span style=\"font-size: 12px;line-height: 150%;font-family: 楷体_GB2312\">计算机辅助教学</span></p><p style=\";text-indent: 24px;line-height: 150%\"><span style=\"font-size: 12px;line-height: 150%;font-family: 楷体_GB2312\">利用计算机软件对实验数据进行处理,并将计算机辅设计用于课程设计中，效果良好。</span></p><p style=\";line-height: 150%\"><span style=\"font-size: 12px;line-height: 150%;font-family: 楷体_GB2312\">C.</span><span style=\"font-size: 12px;line-height: 150%;font-family: 楷体_GB2312\">多媒体教学</span></p><p style=\";text-indent: 24px;line-height: 150%\"><span style=\"font-size: 12px;line-height: 150%;font-family: 楷体_GB2312\">2005</span><span style=\"font-size: 12px;line-height: 150%;font-family: 楷体_GB2312\">年开始采用多媒体辅助教学，是我院环境工程专业教学改革的重要内容。教学实践表明，科学运用CAI，可以强化环境工程专业课程群教学，达到事半功倍的教学效果，推动课程的教学改革，同时也符合“上手快、后进足”的我院人才培养要求。</span></p><p style=\";line-height: 150%\"><span style=\"font-size: 12px;line-height: 150%;font-family: 楷体_GB2312\">D.</span><span style=\"font-size: 12px;line-height: 150%;font-family: 楷体_GB2312\">网络教学</span></p><p style=\";text-indent: 24px;line-height: 150%\"><span style=\"font-size: 12px;line-height: 150%;font-family: 楷体_GB2312\">建成水污染控制工程精品课程网站,通过网络课件、电子教案、素材库、课程习题、辅导答疑等网上资源,为学生提供了多视角、多环节、多种媒体的学习内容和形式，提高了学生的学习兴趣和自主学习的能力。</span></p><p style=\";line-height: 150%\"><strong><span style=\"font-size: 12px;line-height: 150%;font-family: 楷体_GB2312\">四、教学效果</span></strong></p><p style=\";text-indent: 24px;line-height: 150%\"><span style=\"font-size: 12px;line-height: 150%;font-family: 楷体_GB2312\">水污染控制工程课程组全体教师十分重视本课程的教学工作，近三年来，承担了环境工程专业330余人的水污染控制工程课程的教学任务，教学效果良好，学生评教成绩位居化工学院前列。课程组全体教师十分重视教学方法和手段的改革，积极参加教学研究活动，近几年撰写教学研究与管理论文10余篇，多篇获化工学院优秀论文奖，主持校级以上教改课题3项。</span></p><p style=\";line-height: 150%\"><strong><span style=\"font-size: 16px;line-height: 150%;font-family: 楷体_GB2312\">五、教学管理</span></strong></p><p style=\";line-height: 150%\"><span style=\"font-size: 16px;line-height: 150%;font-family: 楷体_GB2312\">A.</span><span style=\"font-size: 16px;line-height: 150%;font-family: 楷体_GB2312\">注重过程管理，完善教学质量保障体系。</span></p><p style=\";line-height: 150%\"><span style=\"font-size: 16px;line-height: 150%;font-family: 楷体_GB2312\">B.</span><span style=\"font-size: 16px;line-height: 150%;font-family: 楷体_GB2312\">定期开展教学研究与“一帮一”活动，帮助青年教师尽快过教学关。</span></p><p style=\";line-height: 150%\"><span style=\"font-size: 16px;line-height: 150%;font-family: 楷体_GB2312\">C.</span><span style=\"font-size: 16px;line-height: 150%;font-family: 楷体_GB2312\">坚持各项教学工作有计划，有落实，有总结，完善各项教学文件资料。</span></p><p style=\";line-height: 150%;margin-right: 52px\"><strong><span style=\"font-size: 16px;line-height: 150%;font-family: 楷体_GB2312\">六、教学参考资料</span></strong></p><p style=\"margin: 0 25px 0 24px;line-height: 150%\"><span style=\"font-size: 16px;line-height: 150%;font-family: 楷体_GB2312\">1.</span><span style=\"font-family: 宋体;letter-spacing: 0\">《水</span><span style=\"font-size: 16px;line-height: 150%;font-family: 楷体_GB2312\">污染控制工程》（第三版），高廷耀、顾国维、周琪主编，高等教育出版社，2007</span></p><p style=\";line-height: 150%\"><span style=\"font-size: 16px;line-height: 150%;font-family: 楷体_GB2312\">2.</span><span style=\"font-size: 16px;line-height: 150%;font-family: 楷体_GB2312\">《排水工程》（第四版），上册，孙慧修主编，中国建筑工业出版社，1999</span></p><p style=\";line-height: 150%\"><span style=\"font-size: 16px;line-height: 150%;font-family: 楷体_GB2312\">3.</span><span style=\"font-size: 16px;line-height: 150%;font-family: 楷体_GB2312\">《排水工程》（第四版），下册，张自杰主编，中国建筑工业出版社，2000</span></p><p style=\";line-height: 150%\"><span style=\"font-size: 16px;line-height: 150%;font-family: 楷体_GB2312\">4.</span><span style=\"font-size: 16px;line-height: 150%;font-family: 楷体_GB2312\">《室外排水设计规范》（2006版）</span></p><p style=\";line-height: 150%\"><span style=\"font-size: 16px;line-height: 150%;font-family: 楷体_GB2312\">5.</span><span style=\"font-size: 16px;line-height: 150%;font-family: 楷体_GB2312\">《水处理工程》，顾夏声主编，清华大学出版社，1989</span></p><p style=\";line-height: 150%\"><span style=\"font-size: 16px;line-height: 150%;font-family: 楷体_GB2312\">6.</span><span style=\"font-size: 16px;line-height: 150%;font-family: 楷体_GB2312\">《水污染治理新工艺与设计》，娄金生主编，海洋出版社，1999</span></p><p style=\";line-height: 150%\"><span style=\"font-size: 16px;line-height: 150%;font-family: 楷体_GB2312\">7.</span><span style=\"font-size: 16px;line-height: 150%;font-family: 楷体_GB2312\">《水污染控制工程实践教程》，彭党聪主编，化学工业出版社，2004</span></p><p style=\";line-height: 150%\"><span style=\"font-size: 16px;line-height: 150%;font-family: 楷体_GB2312\">8.</span><span style=\"font-size: 16px;line-height: 150%;font-family: 楷体_GB2312\">《环境工程实验技术》，韩照祥主编，南京大学出版社，2006</span></p><p><br/></p>','2015-09-13 07:01:06',1,0,0,'水污染课程简介',203,NULL,'水污染控制工程是环境工程专业的重要主干课程'),(89,'<p style=\";text-indent: 32px;line-height: 150%\"><span style=\"font-size: 16px;line-height: 150%;font-family: 楷体_GB2312\">水污染控制工程是环境工程专业的重要主干课程之一，主要分为</span><span style=\"font-size: 16px;line-height: 150%;font-family: 宋体\">“</span><span style=\"font-size: 16px;line-height: 150%;font-family: 楷体_GB2312\">排水沟道系统</span><span style=\"font-size: 16px;line-height: 150%;font-family: 宋体\">”</span><span style=\"font-size: 16px;line-height: 150%;font-family: 楷体_GB2312\">和</span><span style=\"font-size: 16px;line-height: 150%;font-family: 宋体\">“</span><span style=\"font-size: 16px;line-height: 150%;font-family: 楷体_GB2312\">污水处理</span><span style=\"font-size: 16px;line-height: 150%;font-family: 宋体\">”</span><span style=\"font-size: 16px;line-height: 150%;font-family: 楷体_GB2312\">两大部分。</span><span style=\"font-size: 16px;line-height: 150%;font-family: 宋体\">“</span><span style=\"font-size: 16px;line-height: 150%;font-family: 楷体_GB2312\">排水沟道系统</span><span style=\"font-size: 16px;line-height: 150%;font-family: 宋体\">”</span><span style=\"font-size: 16px;line-height: 150%;font-family: 楷体_GB2312\">详细介绍污水沟道系统﹑雨水沟道系统和合流制沟道系统规划设计的基本理论﹑基本知识和基本方法；</span><span style=\"font-size: 16px;line-height: 150%;font-family: 宋体\">“</span><span style=\"font-size: 16px;line-height: 150%;font-family: 楷体_GB2312\">污水的物理及生物处理</span><span style=\"font-size: 16px;line-height: 150%;font-family: 宋体\">”</span><span style=\"font-size: 16px;line-height: 150%;font-family: 楷体_GB2312\">介绍污水处理中最常用的物理、生物、化学、物理化学处理方法。水污染控制工程课程教学内容包括理论教学、实验教学、课程设计等教学环节，教学环节齐全、工程实践性强。</span></p><p style=\";line-height: 150%\"><strong><span style=\"font-size: 16px;line-height: 150%;font-family: 楷体_GB2312\">一、教学内容</span></strong></p><p style=\";line-height: 150%\"><span style=\"font-size: 12px;line-height: 150%;font-family: 楷体_GB2312\">A.</span><span style=\"font-size: 12px;line-height: 150%;font-family: 楷体_GB2312\">理论教学</span></p><p style=\";text-indent: 24px;line-height: 150%\"><span style=\"font-size: 12px;line-height: 150%;font-family: 楷体_GB2312\">本\n课程以高等教育出版社高廷耀等主编的普通高等教育“十一五”国家级规划教材《水污染控制工程》（上、下）为教材，分两学期授课，共96个学时6学 \n分。教学内容包括排水管渠系统水力计算，排水泵站设计，污水与雨水管渠设计，排水管渠施工、管理和维护，城镇排水工程规划，污水的物理处理、生物处理，稳\n \n定塘和污水的土地处理，污水的化学处理、物化处理，城市污水的深度处理，小型污水处理设施，污泥的处理和处置，污水处理厂的设计等。理论课程以课堂教学为\n 主，每学期安排2-3次习题课或讨论课，安排固定地点、固定时间给学生辅导答疑。</span></p><p style=\";line-height: 150%\"><span style=\"font-size: 12px;line-height: 150%;font-family: 楷体_GB2312\">B.</span><span style=\"font-size: 12px;line-height: 150%;font-family: 楷体_GB2312\">实验教学</span></p><p style=\";text-indent: 32px;line-height: 150%\"><span style=\"font-size: 16px;line-height: 150%;font-family: 楷体_GB2312\">本\n课程实验内容涵盖在环境工程专业实验（单独设课，40学时，2学分）课程中，安排在第七学期集中进行。实验4人一套装置。实验前必须经过预习，必须带预习\n报告才能做实验。实验中,要求学生密切配合,相互协作,一丝不苟。实验成绩有平时成绩、实验报告成绩、实验理论考试成绩三部分组成。与本课程相关的实验项\n目有：废水曝气沉淀实验；废水絮凝实验；废水可生化性实验；废水厌氧生物处理法实验；废水好氧生物处理法实验等。</span></p><p style=\";line-height: 150%\"><span style=\"font-size: 12px;line-height: 150%;font-family: 楷体_GB2312\">C.</span><span style=\"font-size: 12px;line-height: 150%;font-family: 楷体_GB2312\">课程设计</span></p><p style=\";text-indent: 24px;line-height: 150%\"><span style=\"font-size: 12px;line-height: 150%;font-family: 楷体_GB2312\">水污染控制工程课程设计安排在理论课结束之后进行，时间2周，每人1题，独立完成。成绩由平时表现、集中答辩、设计说明书和图纸等组成。</span></p><p style=\";line-height: 150%\"><strong><span style=\"font-size: 16px;line-height: 150%;font-family: 楷体_GB2312\">二、教学条件</span></strong></p><p style=\";line-height: 150%\"><span style=\"font-size: 16px;line-height: 150%;font-family: 楷体_GB2312\">A.</span><span style=\"font-size: 16px;line-height: 150%;font-family: 楷体_GB2312\">教材</span></p><p style=\";text-indent: 32px;line-height: 150%\"><span style=\"font-size: 16px;line-height: 150%;font-family: 楷体_GB2312\">理论课采用普通高等教育“十一五”国家级规划教材，实验课采用我院教师编写的“21世纪应用型高等院校示范性实验教材”，课程设计使用自编课程设计指导书。</span></p><p style=\";line-height: 150%\"><span style=\"font-size: 12px;line-height: 150%;font-family: 楷体_GB2312\">B.</span><span style=\"font-size: 12px;line-height: 150%;font-family: 楷体_GB2312\">实验教学条件</span></p><p style=\";text-indent: 24px;line-height: 150%\"><span style=\"font-size: 12px;line-height: 150%;font-family: 楷体_GB2312\">环\n境工程实验室现有实验面积200多平方米，实验室资产100多 \n万元，实验仪器设备包括：原子吸收分光光度计等监测分析仪器、微生物培养等仪器设备、废水曝气沉淀实验装置；废水絮凝实验装置；废水可生化性实验装置；废\n 水厌氧生物处理法实验装置；废水好氧生物处理法实验装置等。环境工程实验室在培养本专业学生的实践动手能力方面发挥了重要的作用。</span></p><p style=\";line-height: 150%\"><span style=\"font-size: 12px;line-height: 150%;font-family: 楷体_GB2312\">C.</span><span style=\"font-size: 12px;line-height: 150%;font-family: 楷体_GB2312\">网络教学环境</span></p><p style=\";text-indent: 24px;line-height: 150%\"><span style=\"font-size: 12px;line-height: 150%;font-family: 楷体_GB2312\">水\n \n污染控制工程网络教学资源库的建立，为学生提供了多视角、多环节、多种媒体的学习内容和形式，提高了学生的学习兴趣和自主学习的能力。目前已建立起内容丰\n 富的网络教学资源库，包括理论教学和各项实践教学的多媒体，内容包括：网络课件、电子教案、素材库、课程习题、辅导答疑等。</span></p><p style=\";line-height: 150%\"><strong><span style=\"font-size: 12px;line-height: 150%;font-family: 楷体_GB2312\">三、教学方法与手段</span></strong></p><p style=\";text-indent: 24px;line-height: 150%\"><span style=\"font-size: 12px;line-height: 150%;font-family: 楷体_GB2312\">为了提高教学效率，扩大学生的视野，增加老师与学生的交流，激发他们学习本课程的兴趣，本课程组教师都能积极主动地探索使用现代化教学手段及计算机辅助教学。具体情况如下：</span></p><p style=\";line-height: 150%\"><span style=\"font-size: 12px;line-height: 150%;font-family: 楷体_GB2312\">A.</span><span style=\"font-size: 12px;line-height: 150%;font-family: 楷体_GB2312\">案例教学与现场参观</span></p><p style=\";text-indent: 24px;line-height: 150%\"><span style=\"font-size: 12px;line-height: 150%;font-family: 楷体_GB2312\">采用案例教学法，将教师的科研实践与最新科研成果及时充实到课堂教学当中，结合课程教学和专业实习，建立实习实践基地，带领学生参观与水污染控制工程相关的典型工艺流程与工程设施，收到了良好的教学效果。</span></p><p style=\";line-height: 150%\"><span style=\"font-size: 12px;line-height: 150%;font-family: 楷体_GB2312\">B.</span><span style=\"font-size: 12px;line-height: 150%;font-family: 楷体_GB2312\">计算机辅助教学</span></p><p style=\";text-indent: 24px;line-height: 150%\"><span style=\"font-size: 12px;line-height: 150%;font-family: 楷体_GB2312\">利用计算机软件对实验数据进行处理,并将计算机辅设计用于课程设计中，效果良好。</span></p><p style=\";line-height: 150%\"><span style=\"font-size: 12px;line-height: 150%;font-family: 楷体_GB2312\">C.</span><span style=\"font-size: 12px;line-height: 150%;font-family: 楷体_GB2312\">多媒体教学</span></p><p style=\";text-indent: 24px;line-height: 150%\"><span style=\"font-size: 12px;line-height: 150%;font-family: 楷体_GB2312\">2005</span><span style=\"font-size: 12px;line-height: 150%;font-family: 楷体_GB2312\">年开始采用多媒体辅助教学，是我院环境工程专业教学改革的重要内容。教学实践表明，科学运用CAI，可以强化环境工程专业课程群教学，达到事半功倍的教学效果，推动课程的教学改革，同时也符合“上手快、后进足”的我院人才培养要求。</span></p><p style=\";line-height: 150%\"><span style=\"font-size: 12px;line-height: 150%;font-family: 楷体_GB2312\">D.</span><span style=\"font-size: 12px;line-height: 150%;font-family: 楷体_GB2312\">网络教学</span></p><p style=\";text-indent: 24px;line-height: 150%\"><span style=\"font-size: 12px;line-height: 150%;font-family: 楷体_GB2312\">建成水污染控制工程精品课程网站,通过网络课件、电子教案、素材库、课程习题、辅导答疑等网上资源,为学生提供了多视角、多环节、多种媒体的学习内容和形式，提高了学生的学习兴趣和自主学习的能力。</span></p><p style=\";line-height: 150%\"><strong><span style=\"font-size: 12px;line-height: 150%;font-family: 楷体_GB2312\">四、教学效果</span></strong></p><p style=\";text-indent: 24px;line-height: 150%\"><span style=\"font-size: 12px;line-height: 150%;font-family: 楷体_GB2312\">水\n污染控制工程课程组全体教师十分重视本课程的教学工作，近三年来，承担了环境工程专业330余人的水污染控制工程课程的教学任务，教学效果良好，学生评教\n成绩位居化工学院前列。课程组全体教师十分重视教学方法和手段的改革，积极参加教学研究活动，近几年撰写教学研究与管理论文10余篇，多篇获化工学院优秀\n论文奖，主持校级以上教改课题3项。</span></p><p style=\";line-height: 150%\"><strong><span style=\"font-size: 16px;line-height: 150%;font-family: 楷体_GB2312\">五、教学管理</span></strong></p><p style=\";line-height: 150%\"><span style=\"font-size: 16px;line-height: 150%;font-family: 楷体_GB2312\">A.</span><span style=\"font-size: 16px;line-height: 150%;font-family: 楷体_GB2312\">注重过程管理，完善教学质量保障体系。</span></p><p style=\";line-height: 150%\"><span style=\"font-size: 16px;line-height: 150%;font-family: 楷体_GB2312\">B.</span><span style=\"font-size: 16px;line-height: 150%;font-family: 楷体_GB2312\">定期开展教学研究与“一帮一”活动，帮助青年教师尽快过教学关。</span></p><p style=\";line-height: 150%\"><span style=\"font-size: 16px;line-height: 150%;font-family: 楷体_GB2312\">C.</span><span style=\"font-size: 16px;line-height: 150%;font-family: 楷体_GB2312\">坚持各项教学工作有计划，有落实，有总结，完善各项教学文件资料。</span></p><p style=\";line-height: 150%;margin-right: 52px\"><strong><span style=\"font-size: 16px;line-height: 150%;font-family: 楷体_GB2312\">六、教学参考资料</span></strong></p><p style=\"margin: 0 25px 0 24px;line-height: 150%\"><span style=\"font-size: 16px;line-height: 150%;font-family: 楷体_GB2312\">1.</span><span style=\"font-family: 宋体;letter-spacing: 0\">《水</span><span style=\"font-size: 16px;line-height: 150%;font-family: 楷体_GB2312\">污染控制工程》（第三版），高廷耀、顾国维、周琪主编，高等教育出版社，2007</span></p><p style=\";line-height: 150%\"><span style=\"font-size: 16px;line-height: 150%;font-family: 楷体_GB2312\">2.</span><span style=\"font-size: 16px;line-height: 150%;font-family: 楷体_GB2312\">《排水工程》（第四版），上册，孙慧修主编，中国建筑工业出版社，1999</span></p><p style=\";line-height: 150%\"><span style=\"font-size: 16px;line-height: 150%;font-family: 楷体_GB2312\">3.</span><span style=\"font-size: 16px;line-height: 150%;font-family: 楷体_GB2312\">《排水工程》（第四版），下册，张自杰主编，中国建筑工业出版社，2000</span></p><p style=\";line-height: 150%\"><span style=\"font-size: 16px;line-height: 150%;font-family: 楷体_GB2312\">4.</span><span style=\"font-size: 16px;line-height: 150%;font-family: 楷体_GB2312\">《室外排水设计规范》（2006版）</span></p><p style=\";line-height: 150%\"><span style=\"font-size: 16px;line-height: 150%;font-family: 楷体_GB2312\">5.</span><span style=\"font-size: 16px;line-height: 150%;font-family: 楷体_GB2312\">《水处理工程》，顾夏声主编，清华大学出版社，1989</span></p><p style=\";line-height: 150%\"><span style=\"font-size: 16px;line-height: 150%;font-family: 楷体_GB2312\">6.</span><span style=\"font-size: 16px;line-height: 150%;font-family: 楷体_GB2312\">《水污染治理新工艺与设计》，娄金生主编，海洋出版社，1999</span></p><p style=\";line-height: 150%\"><span style=\"font-size: 16px;line-height: 150%;font-family: 楷体_GB2312\">7.</span><span style=\"font-size: 16px;line-height: 150%;font-family: 楷体_GB2312\">《水污染控制工程实践教程》，彭党聪主编，化学工业出版社，2004</span></p><p style=\";line-height: 150%\"><span style=\"font-size: 16px;line-height: 150%;font-family: 楷体_GB2312\">8.</span><span style=\"font-size: 16px;line-height: 150%;font-family: 楷体_GB2312\">《环境工程实验技术》，韩照祥主编，南京大学出版社，2006</span></p><p><br/></p>','2015-09-14 09:55:25',0,0,0,'水污染的教学大纲',205,NULL,'水污染控制工程是环境工程专业的重要主干课程'),(90,'<p>蛋疼</p><p>蛋疼<br/></p><p>蛋疼<br/></p><p>蛋疼<br/></p><p>蛋疼<br/></p><p>蛋疼<br/></p><p><br/></p>','2015-09-29 14:30:11',0,0,0,'课程讨论测试',208,21,'蛋疼蛋疼蛋疼蛋疼蛋疼蛋疼'),(91,'<p>测试栏目课程测试栏目课程测试栏目课程测试栏目课程测试栏目课程测试栏目课程</p><p>测试栏目课程测试栏目课程</p><p>测试栏目课程测试栏目课程</p><p>测试栏目课程测试栏目课程</p><p>测试栏目课程测试栏目课程</p><p>测试栏目课程测试栏目课程</p>','2015-09-29 14:51:33',0,0,0,'测试栏目课程',160,20,'测试栏目课程测试栏目课程测试栏目课程测试栏目课程测试栏目课程测试栏目课程测试栏目课程测试栏目课程测试栏目课程测试栏目课程测试栏目课程测试栏目课程测试栏目课程测试栏目课程测试栏目课程测试栏目课程');

/*Table structure for table `hjgc_question` */

DROP TABLE IF EXISTS `hjgc_question`;

CREATE TABLE `hjgc_question` (
  `id` int(11) NOT NULL AUTO_INCREMENT,
  `content` varchar(255) DEFAULT NULL,
  `result` varchar(36) DEFAULT NULL,
  `channel_id` int(11) DEFAULT NULL,
  PRIMARY KEY (`id`),
  KEY `FK351B35A76B56252D` (`channel_id`),
  CONSTRAINT `FK351B35A76B56252D` FOREIGN KEY (`channel_id`) REFERENCES `hjgc_channel` (`id`)
) ENGINE=InnoDB AUTO_INCREMENT=32 DEFAULT CHARSET=utf8;

/*Data for the table `hjgc_question` */

insert  into `hjgc_question`(`id`,`content`,`result`,`channel_id`) values (3,'SB题目','A',159),(4,'题目题干2','A',193),(5,'题目题干3','A',193),(6,'题目题干4','A',193),(7,'题目题干5','A',193),(8,'题目题干6','A,B',193),(9,'题目题干7','A',193),(10,'题目题干8','A',193),(11,'题目题干9','A',193),(13,'题目题干11','A',193),(14,'题目题干12','A',193),(15,'题目题干13','A',193),(16,'题目题干14','A',193),(18,'题目题干16','A',193),(19,'题目题干17','A',193),(20,'测试题目有问题','A',47),(21,'题目题干19','A',193),(22,'人的智商','B',47),(23,'学习快乐','A',193),(24,'第十章打酱油','A',193),(25,'水的生态问题','B',193),(26,'第一次打酱油','A',193),(27,'你是逗比','A',159),(28,'多选题目','A,B',47),(29,'将有题目','A',202),(30,'fdafdadfafadfdf','B',202),(31,'测试酱油题目','A',202);

/*Table structure for table `hjgc_reply` */

DROP TABLE IF EXISTS `hjgc_reply`;

CREATE TABLE `hjgc_reply` (
  `id` int(11) NOT NULL AUTO_INCREMENT,
  `content` varchar(225) NOT NULL,
  `create_date` datetime DEFAULT NULL,
  `passage_id` int(11) DEFAULT NULL,
  `user_id` int(11) DEFAULT NULL,
  `reply_id` int(11) DEFAULT NULL,
  `is_see` int(11) DEFAULT NULL,
  PRIMARY KEY (`id`),
  KEY `FK8B6058C97A5E3C67` (`user_id`),
  KEY `FK8B6058C9AA2EFD4D` (`passage_id`),
  KEY `FK8B6058C9C77A808D` (`reply_id`),
  CONSTRAINT `FK8B6058C97A5E3C67` FOREIGN KEY (`user_id`) REFERENCES `hjgc_user` (`id`),
  CONSTRAINT `FK8B6058C9AA2EFD4D` FOREIGN KEY (`passage_id`) REFERENCES `hjgc_passage` (`id`),
  CONSTRAINT `FK8B6058C9C77A808D` FOREIGN KEY (`reply_id`) REFERENCES `hjgc_reply` (`id`)
) ENGINE=InnoDB AUTO_INCREMENT=71 DEFAULT CHARSET=utf8;

/*Data for the table `hjgc_reply` */

insert  into `hjgc_reply`(`id`,`content`,`create_date`,`passage_id`,`user_id`,`reply_id`,`is_see`) values (38,'fdafddfafafadf','2015-09-26 11:28:52',87,7,NULL,1),(39,'fdafaffa','2015-09-26 11:28:55',87,7,NULL,1),(41,'凡达发放阿凡达是','2015-09-26 17:39:06',87,7,NULL,0),(42,'短发发放爱的方式','2015-09-26 17:40:18',87,7,NULL,0),(43,'说些什么吧！！！的发发阿凡达','2015-09-26 17:42:19',87,7,NULL,0),(44,'的发发阿凡达阿凡达阿凡达','2015-09-26 17:44:44',87,7,NULL,0),(60,'有病 写这么多','2015-09-26 18:22:20',28,7,NULL,1),(61,'费大幅','2015-09-26 18:22:54',28,7,NULL,1),(62,'共分三个四个岁公司法定','2015-09-26 18:23:06',29,7,NULL,1),(63,'分三个四个岁是个负担','2015-09-26 18:25:27',88,7,NULL,1),(64,'规范的施工队施工笙歌鼎沸','2015-09-26 18:26:11',85,7,NULL,1),(65,'逗比评论','2015-09-26 18:26:59',89,7,NULL,1),(66,'短发发放阿凡达','2015-09-26 18:27:34',89,7,65,0),(67,'费大幅阿道夫','2015-09-26 18:27:38',89,7,NULL,1),(68,'的发发阿凡达','2015-09-26 18:27:44',89,7,67,0),(69,'NB 的文章','2015-10-07 11:08:35',24,7,NULL,1),(70,'NB的课程测试栏目，我也是日了狗了','2015-10-07 11:09:20',91,7,NULL,1);

/*Table structure for table `hjgc_role` */

DROP TABLE IF EXISTS `hjgc_role`;

CREATE TABLE `hjgc_role` (
  `id` int(11) NOT NULL AUTO_INCREMENT,
  `blank` varchar(125) DEFAULT NULL,
  `name` varchar(16) NOT NULL,
  `power` varchar(125) DEFAULT NULL,
  PRIMARY KEY (`id`)
) ENGINE=InnoDB AUTO_INCREMENT=38 DEFAULT CHARSET=utf8;

/*Data for the table `hjgc_role` */

insert  into `hjgc_role`(`id`,`blank`,`name`,`power`) values (28,'第二角色','教师','添加文章和回复以及考试管理权限'),(36,'超级管理员','超级管理员','所有权限'),(37,'第三角色','学生','权限最低角色');

/*Table structure for table `hjgc_tabels` */

DROP TABLE IF EXISTS `hjgc_tabels`;

CREATE TABLE `hjgc_tabels` (
  `id` int(11) NOT NULL AUTO_INCREMENT,
  `blank` varchar(124) DEFAULT NULL,
  `create_date` datetime DEFAULT NULL,
  `introduce` varchar(255) NOT NULL,
  `name` varchar(32) NOT NULL,
  `orders` int(11) DEFAULT NULL,
  `img_url` varchar(125) NOT NULL,
  `channel_id` int(11) DEFAULT NULL,
  PRIMARY KEY (`id`),
  KEY `FKE3D59AF86B56252D` (`channel_id`),
  CONSTRAINT `FKE3D59AF86B56252D` FOREIGN KEY (`channel_id`) REFERENCES `hjgc_channel` (`id`)
) ENGINE=InnoDB AUTO_INCREMENT=25 DEFAULT CHARSET=utf8;

/*Data for the table `hjgc_tabels` */

insert  into `hjgc_tabels`(`id`,`blank`,`create_date`,`introduce`,`name`,`orders`,`img_url`,`channel_id`) values (11,'备注','2015-08-09 12:10:04','介绍','你妹',5,'78701dcf-d733-42ea-aa30-3f9a13714258.png',56),(12,'备注','2015-08-09 12:10:04','介绍','我爱',6,'fbf434a3-01fd-40d5-b778-01078521aa1a.png',56),(13,'备注','2015-08-09 12:10:04','介绍','书籍称',4,'5ca27e9b-77b2-4715-a69d-6bc37a94a8f7.png',56),(16,'备注','2015-08-09 12:10:04','介绍','美女',1,'365f2634-06e1-44a9-ac59-5468685682eb.jpg',56),(17,'备注','2015-08-09 12:10:04','介绍','牛逼老师',2,'0c4c9faa-be9f-43bb-85a9-d9c4e8b08f76.jpg',41),(18,'备注','2015-08-09 12:11:08','这个学校很牛逼的，我最喜欢的就是这个学校坑爹的一面','南京大学',3,'8036ab54-dd00-4929-8f6f-6885cd2dea88.png',41),(19,'备注','2015-08-09 15:10:19','介绍','书籍名称放大',4,'2ae01d2e-5956-4363-b195-1b5426ec596d.png',41),(21,'备注','2015-08-09 15:13:10','介绍','mmeonbfas',4,'0faee248-7bc4-4473-a929-e046d0c477d3.jpg',56),(23,'备注','2015-08-16 08:46:48','女人真是矛盾的生物体 ,拧不开瓶盖却能徒手撕快递 . 打不好游戏却能单手解bra ,见不了血却能在大姨妈时不慌不乱 .扛不起水桶却能大包小包逛八小时街不喘气 ,数学不好却能心算砍价坑得老板白送两双袜子. ','yellow',5,'b66acf92-e841-4231-84c8-8e2308e10409.png',41),(24,'NB','2015-10-07 12:04:48','介绍','莉顿·梅斯特',5,'f1424e8c-f184-41cd-8c4c-19f21f8064e8.jpg',41);

/*Table structure for table `hjgc_tips` */

DROP TABLE IF EXISTS `hjgc_tips`;

CREATE TABLE `hjgc_tips` (
  `id` int(11) NOT NULL AUTO_INCREMENT,
  `see_count` int(11) DEFAULT NULL,
  `introduce` varchar(255) DEFAULT NULL,
  `web_name` varchar(36) DEFAULT NULL,
  `web_url` varchar(112) DEFAULT NULL,
  `channel_id` int(11) DEFAULT NULL,
  PRIMARY KEY (`id`),
  KEY `FK360C55796B56252D` (`channel_id`),
  CONSTRAINT `FK360C55796B56252D` FOREIGN KEY (`channel_id`) REFERENCES `hjgc_channel` (`id`)
) ENGINE=InnoDB AUTO_INCREMENT=37 DEFAULT CHARSET=utf8;

/*Data for the table `hjgc_tips` */

insert  into `hjgc_tips`(`id`,`see_count`,`introduce`,`web_name`,`web_url`,`channel_id`) values (4,0,'yellowcong2','yellowcong2发送','http://yellowcong2.com',210),(5,0,'yellowcong3','yellowcong3','http://yellowcong3.com',210),(6,0,'yellowcong4','yellowcong4','http://yellowcong4.com',210),(7,0,'yellowcong5','yellowcong5','http://yellowcong5.com',210),(8,0,'yellowcong6','yellowcong6','http://yellowcong6.com',210),(9,0,'yellowcong7','yellowcong7','http://yellowcong7.com',210),(10,0,'yellowcong8','yellowcong8','http://yellowcong8.com',210),(11,0,'yellowcong9','yellowcong9','http://yellowcong9.com',210),(12,0,'yellowcong10','yellowcong10','http://yellowcon0.com',210),(13,0,'yellowcong11','yellowcong11','http://yellowcong11.com',210),(14,0,'yellowcong12','yellowcong12','http://yellowcong12.com',210),(15,0,'yellowcong13','yellowcong13','http://yellowcong13.com',210),(16,0,'yellowcong14','yellowcong14','http://yellowcong14.com',210),(17,0,'yellowcong15','yellowcong15','http://yellowcong15.com',210),(18,0,'yellowcong16','yellowcong16','http://yellowcong16.com',210),(19,0,'yellowcong17','yellowcong17','http://yellowcong17.com',210),(20,0,'yellowcong18','yellowcong18','http://yellowcong18.com',210),(21,0,'yellowcong','yellowcong19','http://yellowcong19.com',159),(29,0,'网站简介','网站名称','http://fda.fdaf',47),(30,0,'网站简介','网站名称','http://WA.FDAF',210),(31,0,'网站简介','网站名称','http://dfaf.fdafa',210),(33,0,'网站简介','测试牛逼的单','http://yellowcong.com',202),(34,0,'网站简介','聪哥的网站','http://yellowcong.com',47),(35,0,'网站简介','网站名称','http://ceshi2.com',220),(36,0,'网站简介','网站测试','http://efafa.com',202);

/*Table structure for table `hjgc_user` */

DROP TABLE IF EXISTS `hjgc_user`;

CREATE TABLE `hjgc_user` (
  `id` int(11) NOT NULL AUTO_INCREMENT,
  `address` varchar(124) DEFAULT NULL,
  `create_date` datetime DEFAULT NULL,
  `email` varchar(32) DEFAULT NULL,
  `password` varchar(32) NOT NULL,
  `phone` varchar(11) DEFAULT NULL,
  `qq` varchar(32) DEFAULT NULL,
  `sex` int(11) DEFAULT NULL,
  `user_code` varchar(10) NOT NULL,
  `username` varchar(32) NOT NULL,
  `class_id` int(11) DEFAULT NULL,
  `role_id` int(11) DEFAULT NULL,
  PRIMARY KEY (`id`),
  KEY `FK360CEE0CFB5DE94E` (`class_id`),
  KEY `FK360CEE0CD5337887` (`role_id`),
  CONSTRAINT `FK360CEE0CD5337887` FOREIGN KEY (`role_id`) REFERENCES `hjgc_role` (`id`),
  CONSTRAINT `FK360CEE0CFB5DE94E` FOREIGN KEY (`class_id`) REFERENCES `hjgc_major` (`id`)
) ENGINE=InnoDB AUTO_INCREMENT=22 DEFAULT CHARSET=utf8;

/*Data for the table `hjgc_user` */

insert  into `hjgc_user`(`id`,`address`,`create_date`,`email`,`password`,`phone`,`qq`,`sex`,`user_code`,`username`,`class_id`,`role_id`) values (5,'','2015-09-28 21:19:02','','yellowcong','','',0,'2012020894','yellowcong',7,28),(6,'','2015-09-28 21:19:02','','yellowcong','','',0,'2012020892','yellowcong',11,37),(7,'','2015-09-28 21:19:34','','yellowcong','','',1,'2012020891','我是谁',11,37),(9,'','2015-09-28 21:19:34','','888888','','',1,'2012020893','yellowcong',11,37),(10,'','2015-09-28 21:19:34','','888888','','',1,'2012020895','yellowcong',11,37),(12,'','2015-09-28 21:19:34','','888888','','',1,'2012020897','yellowcong',11,37),(13,'','2015-09-28 21:19:34','','888888','','',1,'2012020898','yellowcong',11,37),(14,'','2015-09-28 21:19:34','','888888','','',1,'2012020899','yellowcong',11,37),(15,'','2015-09-28 21:19:34','','888888','','',1,'2012020900','yellowcong',11,37),(17,'','2015-09-28 21:19:34','','888888','','',1,'2012020903','yellowcong',11,37),(18,'','2015-09-28 21:19:34','','888888','','',1,'2012020999','yellowcong',11,37),(19,'','2015-09-28 21:19:34','','888888','','',1,'2012020902','yellowcong',11,37),(20,'',NULL,'','888888','','',1,'2000020904','yellowcong',11,28),(21,'','2015-09-28 22:04:14','','888888','','',1,'2015020904','管理员',11,36);

/*Table structure for table `hjgc_user_channel` */

DROP TABLE IF EXISTS `hjgc_user_channel`;

CREATE TABLE `hjgc_user_channel` (
  `id` int(11) NOT NULL AUTO_INCREMENT,
  `channel_id` int(11) DEFAULT NULL,
  `user_id` int(11) DEFAULT NULL,
  PRIMARY KEY (`id`),
  KEY `FKB50F45D07A5E3C67` (`user_id`),
  KEY `FKB50F45D06B56252D` (`channel_id`),
  CONSTRAINT `FKB50F45D06B56252D` FOREIGN KEY (`channel_id`) REFERENCES `hjgc_channel` (`id`),
  CONSTRAINT `FKB50F45D07A5E3C67` FOREIGN KEY (`user_id`) REFERENCES `hjgc_user` (`id`)
) ENGINE=InnoDB AUTO_INCREMENT=697 DEFAULT CHARSET=utf8;

/*Data for the table `hjgc_user_channel` */

insert  into `hjgc_user_channel`(`id`,`channel_id`,`user_id`) values (447,1,20),(448,34,20),(449,35,20),(450,36,20),(451,37,20),(452,110,20),(453,2,20),(454,38,20),(455,39,20),(456,40,20),(457,109,20),(458,119,20),(459,5,20),(460,159,20),(461,160,20),(462,161,20),(463,162,20),(464,163,20),(465,164,20),(466,165,20),(467,166,20),(468,167,20),(623,1,5),(624,34,5),(625,35,5),(626,36,5),(627,37,5),(628,110,5),(629,2,5),(630,38,5),(631,39,5),(632,40,5),(633,109,5),(634,119,5),(635,5,5),(636,47,5),(637,134,5),(638,201,5),(639,159,5),(640,160,5),(641,161,5),(642,162,5),(643,163,5),(644,164,5),(645,165,5),(646,166,5),(647,167,5),(648,193,5),(649,194,5),(650,195,5),(651,196,5),(652,197,5),(653,198,5),(654,199,5),(655,200,5),(656,202,5),(657,203,5),(658,204,5),(659,205,5),(660,206,5),(661,207,5),(662,208,5),(663,209,5),(664,210,5),(665,211,5),(666,212,5),(667,213,5),(668,214,5),(669,215,5),(670,216,5),(671,217,5),(672,220,5),(673,221,5),(674,222,5),(675,223,5),(676,224,5),(677,225,5),(678,226,5),(679,227,5),(680,228,5),(681,229,5),(682,230,5),(683,231,5),(684,232,5),(685,233,5),(686,234,5),(687,235,5),(688,236,5),(689,237,5),(690,238,5),(691,239,5),(692,240,5),(693,241,5),(694,242,5),(695,243,5),(696,244,5);

/*!40101 SET SQL_MODE=@OLD_SQL_MODE */;
/*!40014 SET FOREIGN_KEY_CHECKS=@OLD_FOREIGN_KEY_CHECKS */;
/*!40014 SET UNIQUE_CHECKS=@OLD_UNIQUE_CHECKS */;
/*!40111 SET SQL_NOTES=@OLD_SQL_NOTES */;
